timestamp,zone,traffic_volume,temperature,humidity,industrial_activity,co2_emission
2024-01-01 00:00:00,Zone C,443,15.733664057811957,52.36131102073884,0.2773411597173757,175.52840114896463
2024-01-01 01:00:00,Zone A,299,20.048738886880415,45.585227025619574,0.5602967490065481,172.72351581732954
2024-01-01 02:00:00,Zone C,196,29.26699171769105,73.40520682131509,0.804930663116197,177.55476487860668
2024-01-01 03:00:00,Zone C,491,32.904136753743984,59.75254410472625,0.4780572193911857,246.11352188174754
2024-01-01 04:00:00,Zone A,145,25.233548842313322,34.862772954458876,0.7319293795897746,139.55524381893034
2024-01-01 05:00:00,Zone A,306,25.642269705306312,43.21099211698868,0.8363599686317833,197.59306633452027
2024-01-01 06:00:00,Zone C,374,17.14344022679552,70.99552581957576,0.9417422555835622,229.37454982876292
2024-01-01 07:00:00,Zone B,53,23.948247336469095,34.56785156941801,0.38771366548436287,67.63257286880064
2024-01-01 08:00:00,Zone C,65,25.652345329100463,81.07241484292612,0.5194527326474465,101.30553279958698
2024-01-01 09:00:00,Zone C,329,19.849410072694592,59.70879162083846,0.321932810664334,147.82078931828863
2024-01-01 10:00:00,Zone C,385,20.38486461898762,58.83519463959888,0.9939868017267002,236.50427471088096
2024-01-01 11:00:00,Zone C,296,22.545683262092453,65.54446707957106,0.9416007743394363,218.2632195107744
2024-01-01 12:00:00,Zone A,307,15.401423955554527,79.48085795550895,0.6319657042244478,167.28788594297197
2024-01-01 13:00:00,Zone C,433,21.441583311663564,50.86855247413158,0.8736266355011371,247.41179298089594
2024-01-01 14:00:00,Zone B,209,19.22896013993089,70.68096915354381,0.6167663818176338,159.37556674184313
2024-01-01 15:00:00,Zone A,389,21.54994704355829,63.94391783974746,0.6988685504022079,206.8149321556828
2024-01-01 16:00:00,Zone B,201,17.395242636385024,46.02169621016528,0.27129954569281334,82.37384187578246
2024-01-01 17:00:00,Zone B,445,32.8105456147979,82.71779918130949,0.8042163363974464,237.51119185098136
2024-01-01 18:00:00,Zone B,227,26.871849071080973,77.8455612964157,0.3021707869081879,137.6048760441454
2024-01-01 19:00:00,Zone B,212,28.582046382889793,69.50711007950554,0.8608541042020228,174.79097036627047
2024-01-01 20:00:00,Zone A,429,30.783424772146766,81.03490374565452,0.8256224701363089,229.78957534867135
2024-01-01 21:00:00,Zone A,82,24.968843978581145,82.03765205758813,0.7669957581943811,122.64689461010603
2024-01-01 22:00:00,Zone B,466,16.738405761748474,72.50177860290208,0.22892830441980971,192.2947487323063
2024-01-01 23:00:00,Zone B,494,25.742130836370954,80.22079970182033,0.4425026847562629,224.25861643255251
2024-01-02 00:00:00,Zone A,228,26.736822360417584,71.84828770015702,0.4104900559286743,132.12407108536894
2024-01-02 01:00:00,Zone A,476,29.9087894836866,70.80844630561802,0.4881091259772153,214.0678735341729
2024-01-02 02:00:00,Zone A,150,23.63319092459359,67.11668269291106,0.27011419741107084,90.97045115908851
2024-01-02 03:00:00,Zone C,317,17.551606055911275,75.16299837345846,0.9495662584248503,202.8857660945562
2024-01-02 04:00:00,Zone C,372,20.67551811597449,39.51630631758442,0.643041792569901,208.2314046615912
2024-01-02 05:00:00,Zone C,114,22.2616459279727,82.85224555193571,0.44441944852641885,100.8938476421047
2024-01-02 06:00:00,Zone B,466,27.918344826632023,82.31061166471392,0.5175852136594268,231.3595668377932
2024-01-02 07:00:00,Zone C,217,26.41556609337824,31.75483698207355,0.5577620324038686,153.00655759337738
2024-01-02 08:00:00,Zone B,379,22.121934517956923,79.54900503388576,0.6804754666884938,216.4892304642889
2024-01-02 09:00:00,Zone B,92,34.730304975859596,37.73219204840671,0.6125435421571983,105.97671148856452
2024-01-02 10:00:00,Zone C,93,27.115496387137743,50.10713125554851,0.9355135785715338,146.35628356648425
2024-01-02 11:00:00,Zone B,334,19.74453583471989,74.61049537749646,0.5975707863246642,182.5350359779445
2024-01-02 12:00:00,Zone C,446,17.035649452408073,39.64559376289849,0.9937264118586502,238.87900111210664
2024-01-02 13:00:00,Zone C,61,18.057182783686642,79.07802144714373,0.8811399661960766,132.6960668397271
2024-01-02 14:00:00,Zone A,144,19.919154567690164,79.92805067746451,0.3668084114858687,92.04371519955781
2024-01-02 15:00:00,Zone C,351,18.213627465191113,60.44806402565017,0.9444761717151331,230.99947484733542
2024-01-02 16:00:00,Zone A,435,18.731340481026116,30.383152303010014,0.2930931183083809,168.7323055108666
2024-01-02 17:00:00,Zone C,302,20.70190337387694,47.22228799049476,0.8539597667929533,195.73279218567345
2024-01-02 18:00:00,Zone C,291,18.467471905895096,67.01561510254453,0.5044986347812641,161.3728539764548
2024-01-02 19:00:00,Zone A,84,32.935308492528506,88.87117068164541,0.9023794563560557,143.7972534319053
2024-01-02 20:00:00,Zone A,264,16.604674913232845,67.9088116210001,0.8944453520859603,194.73510551284193
2024-01-02 21:00:00,Zone C,386,25.490227791405093,45.588214863849586,0.844740320094097,214.83872953251642
2024-01-02 22:00:00,Zone B,139,23.20793653979323,68.04034218597668,0.8320243490456491,156.50665093224998
2024-01-02 23:00:00,Zone A,313,34.647572338172125,62.39912278295133,0.44374331127843264,151.15338781723491
2024-01-03 00:00:00,Zone B,142,17.240778043361047,76.79072370906862,0.2647354264410018,92.59179439872244
2024-01-03 01:00:00,Zone B,459,22.95711198091483,36.4188383296175,0.5223841430121292,225.7943167500852
2024-01-03 02:00:00,Zone B,139,34.389408665507375,75.66167415012168,0.33881961198920696,94.46674624909224
2024-01-03 03:00:00,Zone A,467,32.310142517879605,62.47599472056662,0.7559608711219694,234.3378933582136
2024-01-03 04:00:00,Zone B,164,31.3414414189856,87.77952023153968,0.47687978123022845,132.11953723351417
2024-01-03 05:00:00,Zone A,154,20.158056540898798,50.51232996232116,0.9804881606879319,164.21032249701292
2024-01-03 06:00:00,Zone B,440,18.417751747801315,67.9573135880369,0.7127776618762656,227.74263059709006
2024-01-03 07:00:00,Zone C,245,28.37286439848862,85.92168633060105,0.8579844509074888,192.72379941774116
2024-01-03 08:00:00,Zone C,363,33.587519782551716,36.15058367944076,0.3060197381934788,166.5143131538744
2024-01-03 09:00:00,Zone A,163,26.135257860278596,86.23370923418707,0.8896115858180982,176.6590019923209
2024-01-03 10:00:00,Zone C,124,26.432253789397997,71.27314333804881,0.9382057524107155,159.94629199372565
2024-01-03 11:00:00,Zone C,462,20.599581873205683,34.07022354631032,0.5896495350551487,210.2062544178738
2024-01-03 12:00:00,Zone B,425,30.389858663838737,48.057814016808976,0.685002350200782,224.49347830100282
2024-01-03 13:00:00,Zone A,469,18.74087497115047,72.4903253187169,0.8118478407223964,262.87801847339534
2024-01-03 14:00:00,Zone B,266,21.473584728084873,34.041036088126305,0.33987090180833,127.85839382586649
2024-01-03 15:00:00,Zone B,326,23.508728772328336,64.9302276105764,0.602052861170754,170.6495301014156
2024-01-03 16:00:00,Zone B,298,25.1522075736891,50.752983417177404,0.5189304222178506,172.5753286275659
2024-01-03 17:00:00,Zone B,213,19.848194648301604,67.25493106604863,0.31709919372979933,115.79637180597433
2024-01-03 18:00:00,Zone B,443,17.29673649478407,32.74452202875077,0.49402753783322517,174.04365732684596
2024-01-03 19:00:00,Zone B,406,27.21240084883265,82.29220836914257,0.25453784750839487,183.07140353570526
2024-01-03 20:00:00,Zone B,457,20.772611064805115,88.4093381506438,0.2206495255595896,179.80258275247053
2024-01-03 21:00:00,Zone A,241,26.624764428452245,88.13267131714149,0.3081330313238582,130.4844103441534
2024-01-03 22:00:00,Zone C,276,18.087254305484045,74.97910990457548,0.9704920892713391,205.3997359359328
2024-01-03 23:00:00,Zone B,226,24.62280203709635,37.80517440783792,0.6396236287160135,151.07751536579812
2024-01-04 00:00:00,Zone B,148,25.651788651031715,75.49579175574135,0.972657728922576,174.12016487520896
2024-01-04 01:00:00,Zone B,85,16.03647073644854,31.47521498752809,0.5459983026641055,88.45459785279716
2024-01-04 02:00:00,Zone B,145,21.732085563878414,31.327413091739835,0.4494529064682077,108.53466547248094
2024-01-04 03:00:00,Zone B,201,17.688293538779483,49.41661314897247,0.6049134902721953,135.15452229668662
2024-01-04 04:00:00,Zone B,200,16.267499409455354,59.318591424279944,0.5516093509063281,140.91975794814599
2024-01-04 05:00:00,Zone C,239,34.7992046477989,76.22444506846759,0.28453174740939513,135.47142045388313
2024-01-04 06:00:00,Zone C,273,21.44707689949446,70.9977225963903,0.712661051752165,166.59009343384636
2024-01-04 07:00:00,Zone B,86,31.1974889170927,56.7541623826049,0.37283054600767973,97.77270380587635
2024-01-04 08:00:00,Zone C,317,20.092813095275275,46.41759997689995,0.6956703639182638,176.62804717417598
2024-01-04 09:00:00,Zone A,418,28.630054444478585,89.82747000946267,0.7201608739185228,234.91418115434772
2024-01-04 10:00:00,Zone B,232,30.204557197793733,55.57087813415838,0.3216198825029185,128.6308598902544
2024-01-04 11:00:00,Zone A,62,26.912774812156886,57.08322145978053,0.24907970168853455,84.07156115362355
2024-01-04 12:00:00,Zone A,328,24.431523771003167,39.81742927150015,0.8246092688547519,196.36236242445796
2024-01-04 13:00:00,Zone B,266,23.23681828294537,77.68857292499575,0.5678403390154562,157.92330783854095
2024-01-04 14:00:00,Zone C,404,21.977365330859904,71.62093354688932,0.24653103640438065,168.77404042328254
2024-01-04 15:00:00,Zone A,410,33.59058288495652,43.24617676732562,0.9958930537358137,241.64297605268635
2024-01-04 16:00:00,Zone B,335,31.612388155754584,34.94286273695056,0.24622444879709332,152.75539170882178
2024-01-04 17:00:00,Zone A,322,34.300538213330256,70.82995812448279,0.7560281830868425,183.92591913454703
2024-01-04 18:00:00,Zone A,418,17.485944469710894,69.27067285686812,0.9869431402107309,234.40600218886752
2024-01-04 19:00:00,Zone A,111,29.617349504072884,46.395571619892564,0.3913440833727405,82.88243324708978
2024-01-04 20:00:00,Zone A,133,33.76680913642076,87.05181373502462,0.31379949494975695,111.70011181628468
2024-01-04 21:00:00,Zone C,417,18.6246613233132,39.06347350685401,0.2971079515379431,187.17948811030968
2024-01-04 22:00:00,Zone A,266,16.32992534733555,55.940088062556114,0.4426201180540765,140.7375073714784
2024-01-04 23:00:00,Zone A,391,29.82241298580118,86.61695521005593,0.2808366488085174,172.9478038852833
2024-01-05 00:00:00,Zone A,446,26.489462263598238,55.18363901556734,0.7537290733553055,231.5059416752151
2024-01-05 01:00:00,Zone C,236,31.83657553516544,68.31155685984513,0.24983343850405015,133.79906846252211
2024-01-05 02:00:00,Zone A,68,17.79544753252579,53.855663877767654,0.6075377025198319,89.7695506986413
2024-01-05 03:00:00,Zone A,226,30.905346237197804,46.452912140920205,0.9973574830823815,191.57215905864916
2024-01-05 04:00:00,Zone C,149,19.032546400954892,89.0386588775897,0.851176215604815,164.9903481942057
2024-01-05 05:00:00,Zone C,445,18.27311885731409,54.560040378902585,0.6921755505848087,225.94975237658545
2024-01-05 06:00:00,Zone C,494,18.285315958619858,83.64595222074806,0.4450028966292894,218.63942265651394
2024-01-05 07:00:00,Zone A,282,31.29149440462764,43.79727635346517,0.6991166690333108,185.7981808615466
2024-01-05 08:00:00,Zone C,452,28.303944413924,42.786282241505,0.6216331711293213,190.60982839681034
2024-01-05 09:00:00,Zone C,125,25.461308495382386,31.86804497307068,0.5408667071122972,114.9235562993059
2024-01-05 10:00:00,Zone A,314,22.17660968247005,69.10000952255311,0.3045683013921596,140.80671908544036
2024-01-05 11:00:00,Zone C,333,32.544010816262166,52.11158062342567,0.9092833721923734,195.96192870186277
2024-01-05 12:00:00,Zone A,255,22.84890214845271,81.86149499037822,0.559827719057058,163.10665775841233
2024-01-05 13:00:00,Zone B,272,31.33198878943154,58.392594401493426,0.35569800945661206,155.11770079336208
2024-01-05 14:00:00,Zone C,433,23.78269817140437,88.09160567488331,0.49420748070183174,205.07766332744467
2024-01-05 15:00:00,Zone B,101,22.538888588498153,41.13153094218727,0.5313038020231416,110.20098729818027
2024-01-05 16:00:00,Zone A,388,24.25359571339213,82.11739007733664,0.8620303164534995,244.8507305260606
2024-01-05 17:00:00,Zone C,416,21.02755748328284,76.59581116750451,0.7868915044491216,240.36848020756665
2024-01-05 18:00:00,Zone A,193,29.952187603525022,76.25531067864313,0.8154439149130719,183.07597396215976
2024-01-05 19:00:00,Zone B,422,25.054407801849585,80.68699368701326,0.20882501154291777,181.0629379231532
2024-01-05 20:00:00,Zone A,118,19.644253902936345,75.66143945657993,0.5329231985438092,112.43664569588738
2024-01-05 21:00:00,Zone C,148,32.991491465491364,67.57321929788492,0.5850753213082589,113.59911445762776
2024-01-05 22:00:00,Zone C,445,22.67782442746423,37.87469266094325,0.21535382145844537,169.2208255677194
2024-01-05 23:00:00,Zone B,74,25.871057222279774,31.951570769475115,0.4078505669960274,71.29132778924775
2024-01-06 00:00:00,Zone A,485,33.12944221929094,85.2508708689412,0.808231858497708,278.3345640862535
2024-01-06 01:00:00,Zone C,428,27.484759918279842,66.99901887124429,0.30968776458319924,182.00362607555735
2024-01-06 02:00:00,Zone B,102,17.337960814167282,77.79223745857058,0.6282481051620734,117.15049040143323
2024-01-06 03:00:00,Zone C,200,33.796642472269504,58.891341090753,0.37216149761379,128.02792872884208
2024-01-06 04:00:00,Zone C,193,27.554161061428356,37.038491337743665,0.20969661971511463,97.73504912735608
2024-01-06 05:00:00,Zone A,106,21.698112293141723,37.511147532153025,0.3929611660796332,104.22810143595814
2024-01-06 06:00:00,Zone C,88,17.785441453267744,71.13391723373829,0.980699003928043,139.58436680351454
2024-01-06 07:00:00,Zone A,158,30.88050378540592,55.818353693967765,0.8412296895063918,156.98491575596753
2024-01-06 08:00:00,Zone C,230,27.40145511857027,42.0314836020202,0.9676613154568268,177.70830445653434
2024-01-06 09:00:00,Zone B,91,25.66922183952643,59.49567280448621,0.59028323514109,95.29492169860978
2024-01-06 10:00:00,Zone C,235,32.87785166101915,33.85253622450804,0.28778895894200285,113.0828528944567
2024-01-06 11:00:00,Zone A,472,30.771944224490614,64.91828411486392,0.6383675911789544,230.35882566018034
2024-01-06 12:00:00,Zone A,447,18.033497594655024,46.13960426610586,0.5635018676479687,202.59848441070744
2024-01-06 13:00:00,Zone B,272,21.234441355910967,77.85354603823129,0.8754856661916928,186.28884257044137
2024-01-06 14:00:00,Zone C,171,19.969782796289316,48.621717535414426,0.2784660646273957,82.79568845161984
2024-01-06 15:00:00,Zone C,182,29.878925851453538,57.31320894490807,0.5905929096174225,136.24244736501834
2024-01-06 16:00:00,Zone B,212,15.670648694715588,30.697232394486036,0.32003893175518744,92.96439539199216
2024-01-06 17:00:00,Zone C,264,26.39779369742633,34.34681326767353,0.459740741512048,150.20311392060609
2024-01-06 18:00:00,Zone C,270,30.24917371481381,53.549613384401084,0.7898856619102397,183.62255588317473
2024-01-06 19:00:00,Zone A,284,32.53531273523499,58.796330083027414,0.5808145034950132,153.4793264655515
2024-01-06 20:00:00,Zone C,380,21.841634974318147,66.00123288715822,0.5007106281166155,182.91587260832185
2024-01-06 21:00:00,Zone C,195,31.425146093440258,47.499754722558194,0.5155810228560282,124.60654761158474
2024-01-06 22:00:00,Zone B,288,17.212634739104146,71.69891316759255,0.5675574147247893,167.5723231058309
2024-01-06 23:00:00,Zone B,125,31.929045834690363,81.60734383135227,0.8280132350696456,162.79891506734262
2024-01-07 00:00:00,Zone A,58,17.54977324663965,76.791059333601,0.9136677511521876,112.39317158413738
2024-01-07 01:00:00,Zone C,123,22.945745811207345,32.37712952090143,0.9642677492031426,150.13075994045167
2024-01-07 02:00:00,Zone C,491,30.94590731559107,58.830416835469734,0.8295227090042361,252.7953892380876
2024-01-07 03:00:00,Zone C,450,17.998348546975475,36.29581070509049,0.4523255165984102,201.40445398415397
2024-01-07 04:00:00,Zone A,302,19.58502790465283,44.522700951751645,0.7505077648692338,184.52129412151172
2024-01-07 05:00:00,Zone A,279,29.445051367861325,89.19975559602878,0.5500824992443136,160.80652827339347
2024-01-07 06:00:00,Zone B,56,29.400730730921488,38.5497325740908,0.40373649763684094,73.45334921420466
2024-01-07 07:00:00,Zone A,223,27.822952657705947,59.933289207081366,0.8726972635407382,169.32530669053756
2024-01-07 08:00:00,Zone C,190,28.878968889342,67.08934405908715,0.23074107916986,115.8036356705262
2024-01-07 09:00:00,Zone C,217,25.854488866951925,72.14789823264624,0.9214095937083389,182.2254510508633
2024-01-07 10:00:00,Zone A,219,20.035981178139053,63.578921009214845,0.5691819716997873,162.3602807006074
2024-01-07 11:00:00,Zone C,442,21.913919870078388,30.58625084515102,0.7097611814466245,217.8523281235778
2024-01-07 12:00:00,Zone C,483,18.631954336028514,49.58767849463951,0.7274831377646263,227.93456354069733
2024-01-07 13:00:00,Zone A,332,33.169011226672566,61.06269860308269,0.9160941925652291,201.5524195416802
2024-01-07 14:00:00,Zone A,171,26.66783589532241,35.27198994869,0.7093357457337659,121.9237101586841
2024-01-07 15:00:00,Zone C,243,23.017028335272798,51.037615872550845,0.6911468678080495,145.58766185936932
2024-01-07 16:00:00,Zone C,54,24.240116072882653,31.992186527481994,0.253321632448552,60.29791348961949
2024-01-07 17:00:00,Zone C,78,33.94566679223631,34.71470982930124,0.6147264175561633,110.48110067067044
2024-01-07 18:00:00,Zone B,214,18.067028062321604,53.815396572095764,0.3201352006536333,98.39150358438981
2024-01-07 19:00:00,Zone B,471,26.724596640335946,37.96294524258362,0.7899470149771886,247.52751234313106
2024-01-07 20:00:00,Zone B,388,25.11777357768932,64.05245089569348,0.6097775366501397,195.40474275839398
2024-01-07 21:00:00,Zone A,185,27.22908470869296,71.36789814823595,0.7441822233666826,156.55136596964812
2024-01-07 22:00:00,Zone B,414,15.36220367641681,78.03520194654497,0.23333832048190742,185.4079601906207
2024-01-07 23:00:00,Zone A,370,32.44247817888303,42.009014654688606,0.2678336128366426,168.13054864481052
2024-01-08 00:00:00,Zone A,391,33.64236564967224,40.04895493554419,0.7730587104501458,213.387301812934
2024-01-08 01:00:00,Zone B,194,26.30266367178418,36.274070420064014,0.2576674687989387,92.83070417846749
2024-01-08 02:00:00,Zone B,376,28.933016477537844,68.1858149726182,0.2570053822122069,142.1927537934664
2024-01-08 03:00:00,Zone B,266,33.449987623545915,72.38854358921407,0.20968678018790998,121.43484859362798
2024-01-08 04:00:00,Zone C,350,29.14477268626797,31.895168689538522,0.9652011186395841,217.44575228809634
2024-01-08 05:00:00,Zone B,181,18.050780858285226,86.17273477462139,0.7900066875672056,147.88373278344707
2024-01-08 06:00:00,Zone C,341,26.525767203336265,33.118277019088346,0.48260112680165135,166.48150529439425
2024-01-08 07:00:00,Zone A,119,27.13430092765712,62.47778011806423,0.4372284650301242,103.5406417272758
2024-01-08 08:00:00,Zone C,301,23.48261342604772,72.54363116705498,0.4797625837966797,159.92947016541726
2024-01-08 09:00:00,Zone B,464,29.728884712494455,82.25814742476513,0.8197228249449455,243.01544005621076
2024-01-08 10:00:00,Zone A,324,33.687340295380295,72.84521592794567,0.7290964888563316,199.8401749090417
2024-01-08 11:00:00,Zone A,494,33.51137025813553,78.10368498418751,0.34815645429397435,216.4603370251832
2024-01-08 12:00:00,Zone A,413,24.016787428082644,50.367011552568364,0.3392874682672675,166.604873334045
2024-01-08 13:00:00,Zone C,231,17.264760916815106,78.88950682479074,0.2787165197707179,133.96478150621869
2024-01-08 14:00:00,Zone B,216,34.69682397924669,34.806890783080505,0.7282421757610706,157.47844400157922
2024-01-08 15:00:00,Zone A,140,31.777961728918683,83.68899936363167,0.8114981297773889,152.78729377148116
2024-01-08 16:00:00,Zone A,251,17.493253624065336,62.85554256922418,0.41203714266000324,143.15426846203687
2024-01-08 17:00:00,Zone A,395,33.416837652347446,79.03786619774962,0.21675596882473025,171.68206649559696
2024-01-08 18:00:00,Zone C,68,32.39792724124257,57.13909707109801,0.2657373339811419,80.89209004796326
2024-01-08 19:00:00,Zone C,88,25.376761142521442,68.6146617117915,0.9742880278760244,150.57368123898758
2024-01-08 20:00:00,Zone B,175,26.825508714898586,61.58415965616679,0.43635582198193623,113.05824386898205
2024-01-08 21:00:00,Zone C,222,22.980054077402606,73.89537130531991,0.8153785182705069,175.7239829711367
2024-01-08 22:00:00,Zone A,190,16.095232776440625,34.897798921835374,0.699730855083411,128.9534763300778
2024-01-08 23:00:00,Zone B,291,21.70394483291802,33.62112503943383,0.5055517117223167,154.34657117105087
2024-01-09 00:00:00,Zone A,269,31.057068971960227,44.82619404060878,0.36454980975644413,138.21074746610566
2024-01-09 01:00:00,Zone A,175,15.092640460092056,39.5726808067913,0.2971091345275252,94.0813372254222
2024-01-09 02:00:00,Zone C,107,21.669983433822885,82.3070139955321,0.6920103744310933,125.14505850135559
2024-01-09 03:00:00,Zone B,197,22.963373871818867,43.15283924148266,0.8197070245102305,140.06812939307073
2024-01-09 04:00:00,Zone C,366,25.74791205875846,88.55191534914788,0.7151234028329045,203.8346390992138
2024-01-09 05:00:00,Zone C,432,33.39711232825521,50.213747506266415,0.6242417065993267,216.35421410389915
2024-01-09 06:00:00,Zone B,410,21.926919887319226,40.927074941321955,0.233560978745309,164.91084473769698
2024-01-09 07:00:00,Zone A,472,21.939064037924553,77.38191042854875,0.9747910220755072,253.0543584991707
2024-01-09 08:00:00,Zone A,50,29.750024962194967,69.52246653005257,0.8389713533236598,137.35871703190148
2024-01-09 09:00:00,Zone B,436,24.044358817796144,59.89174298718834,0.43425762936077184,187.16010657848827
2024-01-09 10:00:00,Zone A,397,19.49209645879964,63.321813056257874,0.9839762634870806,247.65339954874685
2024-01-09 11:00:00,Zone B,239,24.04879032265387,73.15210669633584,0.6815052717090577,168.37240825795135
2024-01-09 12:00:00,Zone B,240,17.817140407595996,43.70728447987793,0.6659381265657972,147.99985261715565
2024-01-09 13:00:00,Zone C,418,18.527739730124466,89.78003496340452,0.7984585435436258,248.36606616518836
2024-01-09 14:00:00,Zone B,458,24.967355454789594,88.487589728807,0.84941583047211,238.08967485732344
2024-01-09 15:00:00,Zone C,361,23.378508990090957,69.01954118081622,0.7251828858652021,213.16514215481985
2024-01-09 16:00:00,Zone A,466,33.296918021362,41.972547055748706,0.30247659709296004,201.76675950942033
2024-01-09 17:00:00,Zone A,471,22.24787798233266,70.81369454587748,0.47061400479559873,204.71708849090194
2024-01-09 18:00:00,Zone A,166,26.61176700556087,34.33190453875055,0.9424669122608398,175.48243193670172
2024-01-09 19:00:00,Zone A,183,27.645285758390607,31.839150132348365,0.37969248947508155,107.79472813134456
2024-01-09 20:00:00,Zone C,107,15.261889131766672,45.46097331067282,0.4977336190700107,99.95724851464087
2024-01-09 21:00:00,Zone A,93,28.270747440334212,57.75737740435898,0.5456615063553568,107.92914348025336
2024-01-09 22:00:00,Zone B,222,18.560719337395028,82.09635032450282,0.5515239917555618,144.25286956070929
2024-01-09 23:00:00,Zone B,209,34.2214063493891,73.63014418597848,0.6903516659956204,168.2578407081112
2024-01-10 00:00:00,Zone B,222,17.973254555062258,74.56239127199886,0.9544606701957661,192.0827343015234
2024-01-10 01:00:00,Zone C,366,23.292482474540474,55.52960006688452,0.39255416946600397,151.9930102174117
2024-01-10 02:00:00,Zone A,352,16.706993361572877,50.75609955281777,0.2972011010407345,165.19752978804766
2024-01-10 03:00:00,Zone A,198,34.93748503691894,52.262325779076164,0.3579763918879499,103.00017847902106
2024-01-10 04:00:00,Zone A,129,25.04390020662485,89.25897382416346,0.9095399201674157,167.84880890764077
2024-01-10 05:00:00,Zone C,423,26.907700346400876,32.406551484748945,0.7166486501241649,227.07630681620245
2024-01-10 06:00:00,Zone B,262,16.34152954776855,82.02188976734692,0.4287254313913281,133.50386860955766
2024-01-10 07:00:00,Zone B,252,29.999209407983557,64.7205245143436,0.8527575511748939,181.71140090400567
2024-01-10 08:00:00,Zone A,301,19.198111861911716,56.31692515137543,0.8890959970907488,187.0951827992553
2024-01-10 09:00:00,Zone B,278,32.96108578881427,73.51545962490819,0.8772114709522225,196.85946303284223
2024-01-10 10:00:00,Zone B,213,19.102792809640142,59.200136485482176,0.9351412269116437,173.81492427025947
2024-01-10 11:00:00,Zone C,276,18.81375441327333,82.40539428489964,0.4017928161386893,154.7824675588516
2024-01-10 12:00:00,Zone C,196,15.730993356961898,84.04211184067552,0.8040335429970227,175.4072614718182
2024-01-10 13:00:00,Zone C,69,24.441338902199984,55.30325561240733,0.568431597819312,112.33718457319222
2024-01-10 14:00:00,Zone C,490,26.29682266525233,46.60966783410309,0.8735988423120493,248.5788665983435
2024-01-10 15:00:00,Zone A,451,16.31417278856705,65.54101971560173,0.7827925417292907,231.12090849403094
2024-01-10 16:00:00,Zone C,96,30.51055233390021,84.74180073700145,0.8211579571997798,123.23399487872885
2024-01-10 17:00:00,Zone B,282,24.065776694960554,42.63973134033999,0.7249294701448572,167.18850329557606
2024-01-10 18:00:00,Zone A,354,25.4878053865516,67.37799501380897,0.3419430155757655,173.71353904593357
2024-01-10 19:00:00,Zone B,63,23.81525493876456,67.89361320555123,0.6360215351175507,121.76280636385346
2024-01-10 20:00:00,Zone B,192,23.01526121750652,73.98678134491686,0.9877357916196066,168.0335511991474
2024-01-10 21:00:00,Zone B,464,26.19280662616436,37.894061107635586,0.9499104531976952,246.32233760023342
2024-01-10 22:00:00,Zone C,50,18.10480491861425,72.94949788092532,0.23453898863760936,60.02166283780244
2024-01-10 23:00:00,Zone C,422,18.63856260990542,84.54195123993847,0.3318518525835497,186.9506121385009
2024-01-11 00:00:00,Zone A,103,32.235712420270346,40.78098653221452,0.30538301876364954,74.39274895169953
2024-01-11 01:00:00,Zone A,423,33.922309242672654,44.25259949543266,0.7807839279882365,231.63844683962012
2024-01-11 02:00:00,Zone C,308,22.46618632559506,88.28370564249838,0.8542282638855561,199.72764857658413
2024-01-11 03:00:00,Zone B,193,20.414893462871078,40.85861716256939,0.37080909304853754,111.17406741373328
2024-01-11 04:00:00,Zone A,490,27.879990864780314,81.26310560217475,0.6046821543614632,240.33567538253038
2024-01-11 05:00:00,Zone C,61,23.17468342196193,59.53667138688209,0.8725624224089601,126.79767258516658
2024-01-11 06:00:00,Zone C,379,15.507727113206897,44.833864464190626,0.7862412358130004,203.13012841415525
2024-01-11 07:00:00,Zone C,273,18.12305194732381,82.24499407635068,0.6337897643934787,167.8810979942892
2024-01-11 08:00:00,Zone B,321,29.31944457694795,56.71831530015993,0.6722781523670183,185.71562653545965
2024-01-11 09:00:00,Zone C,407,28.178478838203027,60.88904123578141,0.6066884375330239,202.5179332369186
2024-01-11 10:00:00,Zone C,457,15.54191985006967,51.55400216398594,0.43803876105505646,194.84348385165967
2024-01-11 11:00:00,Zone C,205,19.43944323865899,65.57705108609565,0.6520175942872128,163.5794186464512
2024-01-11 12:00:00,Zone C,422,19.62149593176143,39.81143235510137,0.7511082416400725,223.13090348714448
2024-01-11 13:00:00,Zone A,57,28.43785487197457,53.46489219910564,0.8986583326886461,126.07915047718399
2024-01-11 14:00:00,Zone A,171,15.394210755087283,88.16473934011725,0.7090330831833984,152.96348453350558
2024-01-11 15:00:00,Zone C,397,17.082171639691477,45.48800596206765,0.8088972296345265,212.58199791418266
2024-01-11 16:00:00,Zone B,213,30.998321707463788,69.40419987247753,0.3280573079636584,134.71714582971327
2024-01-11 17:00:00,Zone A,139,18.570893241086672,49.511403853481696,0.569245979535832,119.65165794269515
2024-01-11 18:00:00,Zone C,185,28.054922157037495,76.40838754119605,0.20746529586167464,101.6771545171794
2024-01-11 19:00:00,Zone A,235,19.76365562093453,37.85241964310099,0.3973430916172984,130.18742459682662
2024-01-11 20:00:00,Zone A,365,16.988827855186905,88.18926270471269,0.7811693720904038,196.3415593713727
2024-01-11 21:00:00,Zone B,227,19.86344381998908,57.22737248301836,0.9934479610794908,175.56797344345034
2024-01-11 22:00:00,Zone C,77,29.44533863711318,44.16302780078784,0.27934247966977277,59.705738917989564
2024-01-11 23:00:00,Zone C,269,32.11392936212572,34.409804839800756,0.5211954526890306,153.97650892935056
2024-01-12 00:00:00,Zone B,406,31.604397291339833,40.18547430525244,0.8400567749593277,243.80968126837013
2024-01-12 01:00:00,Zone B,90,22.943670592369095,61.186436913361064,0.3632285077031191,107.05060785185808
2024-01-12 02:00:00,Zone C,277,28.361702731412922,50.22019058587718,0.644067959441829,175.27602616833107
2024-01-12 03:00:00,Zone C,241,19.09968590831642,79.73300195295657,0.7864570368237398,179.54062318573645
2024-01-12 04:00:00,Zone B,460,20.862954605220267,55.85325141970836,0.6927883602081433,208.78409080531674
2024-01-12 05:00:00,Zone A,496,32.9267163704224,44.92285635525779,0.35041978769233295,200.5704985911136
2024-01-12 06:00:00,Zone A,194,15.26003847021472,67.0286991962418,0.48430765494859157,118.26268320311102
2024-01-12 07:00:00,Zone B,250,16.71017061708936,72.40663301312675,0.8270334275883178,172.66026162578174
2024-01-12 08:00:00,Zone A,466,19.157725102920544,40.02251447405699,0.6433812113056133,218.12427588069303
2024-01-12 09:00:00,Zone B,261,15.530644077476394,40.05715297729906,0.2041836908343302,108.22115153291212
2024-01-12 10:00:00,Zone A,269,18.628708701795947,32.20028561601258,0.8087926080224752,155.67780330241055
2024-01-12 11:00:00,Zone A,289,26.66083121939384,74.18412090393844,0.22824908395219126,142.5051676249397
2024-01-12 12:00:00,Zone C,462,23.428491011849957,69.8282716573083,0.7965870261849857,230.86832309730215
2024-01-12 13:00:00,Zone C,446,32.8534342215395,58.477852544988835,0.36198444813218994,197.22785765194405
2024-01-12 14:00:00,Zone A,95,31.34887123476882,80.65022693815183,0.9664587840955041,174.55629898858803
2024-01-12 15:00:00,Zone A,84,21.83634703395752,78.34020917700319,0.4943526010416676,89.84399483728616
2024-01-12 16:00:00,Zone C,302,20.188468668625852,65.12126186380513,0.4615452930704633,132.5512939197944
2024-01-12 17:00:00,Zone C,439,22.59384816334534,82.09627683079552,0.31911044026595575,186.20779643929168
2024-01-12 18:00:00,Zone C,131,26.805898850296153,42.350472602206096,0.44448337239217195,113.95038764976259
2024-01-12 19:00:00,Zone B,420,20.361272816457525,36.71517716386367,0.9013206094625605,251.20308004781774
2024-01-12 20:00:00,Zone A,305,27.482978156982682,46.18497669101937,0.9970674701017979,199.14143766665256
2024-01-12 21:00:00,Zone C,246,23.18823304382481,33.42521136535889,0.4946476244054787,144.19209016351476
2024-01-12 22:00:00,Zone A,352,26.040943617039606,61.87017168006192,0.558888504763634,179.6261576913911
2024-01-12 23:00:00,Zone B,458,23.722530582706334,86.19634153769769,0.7776567505621896,240.83447205379971
2024-01-13 00:00:00,Zone B,499,20.889315190838353,32.36061244011058,0.9089566243720597,281.86694447173375
2024-01-13 01:00:00,Zone C,59,33.96906613924313,37.32659484060161,0.6744354673494273,91.16678887480877
2024-01-13 02:00:00,Zone B,361,30.272115883195216,57.13194169700611,0.5132205585422636,185.6946871618514
2024-01-13 03:00:00,Zone A,335,17.802263515329052,86.0325010516743,0.530097472678899,182.5140846020107
2024-01-13 04:00:00,Zone C,291,32.36935951795826,48.96936629860503,0.7564945171974455,196.54893203604232
2024-01-13 05:00:00,Zone A,300,24.748623964990273,60.43408852130355,0.20257461088342296,133.22355991330807
2024-01-13 06:00:00,Zone A,414,32.891044537881825,32.494371543023526,0.6956714699678725,216.50294451558574
2024-01-13 07:00:00,Zone B,54,30.997105118946305,38.90059205772533,0.48439440835308595,80.90191562021428
2024-01-13 08:00:00,Zone B,168,23.50427008938467,89.19780737753081,0.8353578650216675,163.86832542587788
2024-01-13 09:00:00,Zone B,338,15.449386166402348,87.90712178616273,0.27439251185850577,149.16850725466995
2024-01-13 10:00:00,Zone B,423,20.37354718769892,30.296398856064577,0.6705618135587124,214.38059890072424
2024-01-13 11:00:00,Zone B,114,25.83268429321734,87.10870712539435,0.584778311908899,116.73654297281935
2024-01-13 12:00:00,Zone C,195,27.669564396522944,68.34719626893002,0.7138604207241819,158.39431102383523
2024-01-13 13:00:00,Zone A,273,20.157753708664046,82.07509767120132,0.2518828755863747,131.27378043949358
2024-01-13 14:00:00,Zone A,288,17.78712148145648,57.28439133803155,0.663987029942505,182.6309323621611
2024-01-13 15:00:00,Zone A,226,31.69860473598598,60.93576171475502,0.6491876703676189,157.07142403822243
2024-01-13 16:00:00,Zone A,316,34.68804361407104,59.33079481541521,0.6485280755329368,167.6638592799363
2024-01-13 17:00:00,Zone B,390,25.513803646053717,70.01185545276627,0.6827901332771639,222.10612088383107
2024-01-13 18:00:00,Zone A,331,18.43358571696607,38.379075285378775,0.7411743497810899,179.409361313345
2024-01-13 19:00:00,Zone C,112,20.44614653038738,31.798415392360678,0.8439911997446159,125.9995982786005
2024-01-13 20:00:00,Zone C,266,15.367813530949334,48.47579649547146,0.4158565761025715,131.27132938129625
2024-01-13 21:00:00,Zone A,391,33.28597613120998,72.2808457641988,0.8600395281440496,244.81889335143686
2024-01-13 22:00:00,Zone A,364,17.355021657802823,42.1112071273769,0.598604545810763,163.06796252988585
2024-01-13 23:00:00,Zone C,332,26.53032951028507,70.40594599949503,0.26164662330746496,181.83546867135945
2024-01-14 00:00:00,Zone C,226,20.48110441374412,88.19472276643623,0.24684074339518336,128.87602874896373
2024-01-14 01:00:00,Zone B,466,26.083560050315867,35.6340429473651,0.4673906549568487,206.33168724657583
2024-01-14 02:00:00,Zone C,147,28.028407767037287,70.35612709350758,0.8279175816891742,151.62540668827097
2024-01-14 03:00:00,Zone B,154,31.594836074144034,56.62501315827427,0.7661447477927326,149.6329525891623
2024-01-14 04:00:00,Zone B,148,19.128425435212066,82.08853526265032,0.8308919717379253,156.76949868420078
2024-01-14 05:00:00,Zone B,434,15.219916573169609,40.628987366843155,0.6138152451532874,212.2474444774658
2024-01-14 06:00:00,Zone B,454,17.737712601376145,71.55755713356987,0.5521591983643925,218.37856096373812
2024-01-14 07:00:00,Zone B,360,33.0003728369621,80.28691737888661,0.31796202136502716,169.94954155961736
2024-01-14 08:00:00,Zone A,55,32.47780155125031,86.6768531684414,0.46255420288744925,91.10852733986007
2024-01-14 09:00:00,Zone C,246,26.948262043406167,70.99488169737876,0.5472154929391002,151.98709761421313
2024-01-14 10:00:00,Zone B,400,27.010337208673068,59.83048584050564,0.2708803437436938,167.90918362241294
2024-01-14 11:00:00,Zone C,182,28.30073349092511,67.07083441207283,0.376489562168969,128.32111746435214
2024-01-14 12:00:00,Zone C,407,18.507425572468993,82.1342990687231,0.6785802352509911,219.72342079063992
2024-01-14 13:00:00,Zone B,308,33.2882389184992,64.23658479832977,0.788530491391352,168.01177531955804
2024-01-14 14:00:00,Zone A,486,23.375410497841465,31.82322358181021,0.9986780091143597,267.9416175922322
2024-01-14 15:00:00,Zone B,72,22.66277056498995,85.85692173041866,0.9464906650748461,144.43292102675207
2024-01-14 16:00:00,Zone A,102,25.37835410565675,71.37160506189366,0.7140521596281533,126.24379105299779
2024-01-14 17:00:00,Zone C,214,15.9393193355011,70.59080314663478,0.5369984426352576,134.5085480961643
2024-01-14 18:00:00,Zone A,251,18.32566737512159,42.94050914386303,0.7089418917665862,173.35368515534
2024-01-14 19:00:00,Zone A,132,29.76067232852741,69.53312821395943,0.8285212944641855,157.73828864184998
2024-01-14 20:00:00,Zone A,194,16.65597335850253,53.63186433924951,0.29466895273870986,97.32688080688581
2024-01-14 21:00:00,Zone C,134,27.063042189327764,69.07397862248953,0.5279239117570307,121.70292664717743
2024-01-14 22:00:00,Zone C,127,19.90698219362642,36.39558181847944,0.8718418285084939,130.80952474658298
2024-01-14 23:00:00,Zone A,415,22.785912280839533,69.47071827618217,0.5070663615464353,184.41896307432646
2024-01-15 00:00:00,Zone A,50,20.773874735413997,89.96482354623998,0.6574978169817493,100.78512405568887
2024-01-15 01:00:00,Zone B,100,22.113454329298982,32.892722331633365,0.6702154886897587,121.06940979084972
2024-01-15 02:00:00,Zone A,222,29.38091810368491,88.63045105327905,0.3475810025069115,140.3678081565818
2024-01-15 03:00:00,Zone B,254,20.9424343124635,54.41447764337224,0.48978835332183074,149.56955878681586
2024-01-15 04:00:00,Zone A,309,26.328092805937942,82.24520702023554,0.4676090309935457,173.69213949425682
2024-01-15 05:00:00,Zone B,495,24.521008043981993,76.94312904349641,0.22095736682565184,200.95454858000687
2024-01-15 06:00:00,Zone C,498,28.273423307252962,64.02097565920008,0.2193534111130842,189.03408961382007
2024-01-15 07:00:00,Zone A,418,33.73659478649516,74.30695255507959,0.8653576349406189,244.61101736641527
2024-01-15 08:00:00,Zone A,337,29.651441944205004,82.71093367808086,0.41845664797824994,179.35252356339996
2024-01-15 09:00:00,Zone A,83,19.298807571815136,54.24841929906198,0.6144630129910524,112.45842148577944
2024-01-15 10:00:00,Zone A,397,15.623662701225694,49.62198969379432,0.43898045887101844,191.06104262109744
2024-01-15 11:00:00,Zone B,144,20.2452808859965,70.05560313381508,0.9525433960922725,167.64661106239947
2024-01-15 12:00:00,Zone A,121,26.901558614005097,78.47075651647552,0.407437407092619,107.01299753357486
2024-01-15 13:00:00,Zone C,88,16.028516269685007,75.73710808659695,0.5437254501911482,113.03287552747247
2024-01-15 14:00:00,Zone C,203,24.927324944024726,77.86881893151806,0.8981842003876814,175.99790121019103
2024-01-15 15:00:00,Zone A,299,26.936856978337786,56.13499888877598,0.873546853433447,190.23768140015784
2024-01-15 16:00:00,Zone C,211,21.684877816339217,79.0700529705013,0.34888113427702183,121.04540550890047
2024-01-15 17:00:00,Zone A,487,30.418244074916437,37.212543322236506,0.8421146478365684,242.47224463000623
2024-01-15 18:00:00,Zone A,167,17.131965062675437,62.669345877650976,0.5665495093903141,119.38982338988797
2024-01-15 19:00:00,Zone C,308,16.502755634716173,30.345519629887296,0.5863750976682842,162.26252923953714
2024-01-15 20:00:00,Zone A,428,29.563775124072066,49.47514979401622,0.306783977932755,172.87473859170797
2024-01-15 21:00:00,Zone C,355,24.90982632412397,51.98769209228387,0.26448121100569977,150.22997475228593
2024-01-15 22:00:00,Zone B,317,28.768047928554722,53.770361496555324,0.7823514455790122,176.6602893590963
2024-01-15 23:00:00,Zone A,498,23.696546772074925,71.72803240139173,0.5971689218842398,235.07405445126167
2024-01-16 00:00:00,Zone B,103,19.928040664782138,53.31348607622074,0.5494805620921437,104.49402444399362
2024-01-16 01:00:00,Zone C,285,31.382046353483993,56.921617357351835,0.7836065829219174,179.6269139943738
2024-01-16 02:00:00,Zone B,438,30.988317579379583,44.252647852459646,0.8124103191928878,240.47934520585662
2024-01-16 03:00:00,Zone B,271,28.893929417088536,52.39510749776041,0.32712653413548287,145.42494805620137
2024-01-16 04:00:00,Zone C,300,20.44290274459925,43.63617763578909,0.6881801195821131,159.6468099395191
2024-01-16 05:00:00,Zone B,362,26.804613337381742,34.39175542610662,0.30828326582214843,149.4012752167267
2024-01-16 06:00:00,Zone B,450,22.219477938800537,66.20691560288267,0.8011000688232366,229.54775768054742
2024-01-16 07:00:00,Zone C,161,16.831641466532684,70.09276791330097,0.7255641250137117,132.2085916595558
2024-01-16 08:00:00,Zone B,304,33.34627150924486,67.16942076057687,0.9652916968667664,222.79631086180743
2024-01-16 09:00:00,Zone C,352,17.736372618379228,57.80964262803434,0.255166413085137,147.83485749374424
2024-01-16 10:00:00,Zone B,456,34.00474707641605,52.78714681075379,0.24564377692100348,182.87855747171142
2024-01-16 11:00:00,Zone C,256,23.920115459159113,81.80001897430952,0.42574965975456014,125.26439230991403
2024-01-16 12:00:00,Zone C,278,18.702658576772393,61.144907108173086,0.4093645469887248,150.4006798533083
2024-01-16 13:00:00,Zone B,390,25.838018947567164,58.75091265778386,0.39758303925759986,166.45111008780887
2024-01-16 14:00:00,Zone B,447,32.45891671752817,31.538523948386143,0.9250036644168294,246.4909642210347
2024-01-16 15:00:00,Zone B,115,29.644497728191226,50.474869657569386,0.3996369598796049,99.19023839033278
2024-01-16 16:00:00,Zone A,124,31.131222957228996,52.811737127151424,0.4175597809029048,115.57740065699886
2024-01-16 17:00:00,Zone A,484,28.175667334214346,53.92936685381403,0.807518609934371,234.91979730669453
2024-01-16 18:00:00,Zone A,152,28.84553129035705,64.81034215363994,0.559791873960432,95.88434678470574
2024-01-16 19:00:00,Zone C,471,31.983913031306386,62.016152803612705,0.821368445564145,250.47213577719654
2024-01-16 20:00:00,Zone B,241,19.993360177183717,66.47430556760668,0.2522929260515082,136.82660960465415
2024-01-16 21:00:00,Zone C,301,24.788499272862808,75.8929956925277,0.5900569549387075,186.78915787091577
2024-01-16 22:00:00,Zone A,275,19.424188836392045,78.7791443229656,0.22689088014662612,130.81118656655883
2024-01-16 23:00:00,Zone B,343,34.75336015993294,73.08738457358967,0.25012256276428363,151.514715398799
2024-01-17 00:00:00,Zone C,355,33.88118679373227,87.33142175729608,0.9251499626755288,238.10498130287812
2024-01-17 01:00:00,Zone B,147,15.788536227370118,31.093954960581698,0.31139629689407616,78.03837317542732
2024-01-17 02:00:00,Zone C,387,29.11150345031377,41.74667914101276,0.6259365458201738,203.45116948390762
2024-01-17 03:00:00,Zone B,335,33.50496634831332,30.453772498688526,0.5288764820805653,177.9350908387858
2024-01-17 04:00:00,Zone A,384,18.611506902546672,68.84848284927618,0.47787466100707415,194.80386450657008
2024-01-17 05:00:00,Zone A,396,26.358904611052587,83.88183293699922,0.919866676549818,265.70319647591344
2024-01-17 06:00:00,Zone B,484,33.30976595176084,44.608937794577955,0.2174587174203916,193.11572535344672
2024-01-17 07:00:00,Zone C,496,15.678919571715976,85.6220726877784,0.7310317489404714,240.20952100321418
2024-01-17 08:00:00,Zone A,357,28.9484053449368,33.61604341737365,0.9707155473708404,222.21838243661355
2024-01-17 09:00:00,Zone A,298,20.946980147451015,86.06616160833086,0.6481345467694736,162.11472000870273
2024-01-17 10:00:00,Zone A,215,33.48792390753061,51.09736123437806,0.9494579696264736,176.11330746164464
2024-01-17 11:00:00,Zone B,384,34.42116490330736,36.08524970695299,0.24180630342881904,156.27332186446438
2024-01-17 12:00:00,Zone B,79,33.88532978226868,59.15230555117954,0.5350346552593291,97.34717456973037
2024-01-17 13:00:00,Zone C,296,24.484284333149276,45.40659406323048,0.40812623276964094,150.01120454320713
2024-01-17 14:00:00,Zone C,155,32.24085301978627,47.092374117715366,0.7846567719845838,139.05629390609397
2024-01-17 15:00:00,Zone C,100,31.890987970701406,48.43739789557719,0.9850376723977974,162.15794868042045
2024-01-17 16:00:00,Zone B,130,21.382009464865114,78.1815538699598,0.4052240499553983,103.71359020465981
2024-01-17 17:00:00,Zone B,182,31.57830948301355,62.34967660051527,0.7233396811792596,151.9422240198483
2024-01-17 18:00:00,Zone C,334,15.740152694309852,48.67846194936022,0.35847810620779214,148.80061692324603
2024-01-17 19:00:00,Zone C,437,26.92539756964106,66.6200269986551,0.6522642036572879,221.97249163190602
2024-01-17 20:00:00,Zone B,187,19.600176745754062,72.96904045339161,0.571145989350669,143.89946037072318
2024-01-17 21:00:00,Zone C,233,17.411337715545578,46.35744004401202,0.9776042637052298,175.2251473084346
2024-01-17 22:00:00,Zone A,450,16.539064032584182,54.81294609152109,0.6868218181571732,214.67923175630267
2024-01-17 23:00:00,Zone B,379,28.925775517562794,37.313165600216855,0.479605097669455,177.65619280624733
2024-01-18 00:00:00,Zone C,322,21.797499275361325,40.86896097208082,0.2912766279103467,129.16174546086322
2024-01-18 01:00:00,Zone B,389,29.49533543057523,70.86707123789897,0.3209974629879477,166.57871612138968
2024-01-18 02:00:00,Zone A,118,16.307126815978847,40.88630086173762,0.3802535439609881,83.36325655939129
2024-01-18 03:00:00,Zone B,83,21.305806756612206,61.50980302002361,0.4007733290722384,94.54550802100071
2024-01-18 04:00:00,Zone B,311,25.789825847506744,72.54277570334597,0.8804928462729102,208.79938339698217
2024-01-18 05:00:00,Zone B,102,30.814463296779273,36.41261538568463,0.6489782306260199,117.04203057212607
2024-01-18 06:00:00,Zone B,499,21.3750500586414,64.03873317773422,0.6187127290994932,241.43801919063242
2024-01-18 07:00:00,Zone A,254,27.51782752874018,45.393767022081825,0.291815097495374,124.09367628145587
2024-01-18 08:00:00,Zone B,175,32.71955496472374,87.77561251425479,0.8881117546795481,175.85876845598415
2024-01-18 09:00:00,Zone B,284,27.31726376364609,59.01273880319548,0.778251442566787,184.72237999345128
2024-01-18 10:00:00,Zone C,92,19.659189495072674,78.35955298650948,0.2541346895200013,79.20267884132737
2024-01-18 11:00:00,Zone B,289,15.48801563113076,63.01359252937571,0.7662680777838149,176.29714596059313
2024-01-18 12:00:00,Zone C,420,32.401977478018594,32.60475197128915,0.6348305738741169,184.57662719011265
2024-01-18 13:00:00,Zone A,160,15.425388217007743,67.98908253564134,0.26538027659742264,92.96320783181058
2024-01-18 14:00:00,Zone A,298,32.49403345368399,87.08420053239942,0.5666405132229252,190.7059861712454
2024-01-18 15:00:00,Zone A,200,25.578742680544238,66.09670920877987,0.5877570297040375,151.48869590679334
2024-01-18 16:00:00,Zone A,232,33.781353970257925,79.15133156560742,0.3326196321306206,141.8587459601984
2024-01-18 17:00:00,Zone C,385,30.975664715473307,83.05238780090447,0.9565585176002258,252.51790242445497
2024-01-18 18:00:00,Zone B,144,34.95868221066675,43.68478631693595,0.8799802971845296,154.80503577572122
2024-01-18 19:00:00,Zone A,423,22.014236309034203,42.7226903944936,0.7352178698632867,219.745176662897
2024-01-18 20:00:00,Zone B,449,30.34376577862254,66.6588593310595,0.5698364488004858,210.976404103366
2024-01-18 21:00:00,Zone C,57,23.03861827218484,54.66170818840229,0.5294124332676069,87.0283037130446
2024-01-18 22:00:00,Zone C,437,24.597512406078177,80.39167817200322,0.7207787737207634,235.25292946661963
2024-01-18 23:00:00,Zone C,409,27.5501092643674,84.00138740388067,0.6363454955255243,226.1937151107637
2024-01-19 00:00:00,Zone A,437,32.47354228372677,51.20528275816309,0.2498184847055085,177.9178591788642
2024-01-19 01:00:00,Zone B,233,34.681669383985906,44.21223353846892,0.6100021190162654,149.11343371440057
2024-01-19 02:00:00,Zone B,330,30.365468277290365,76.83153091463171,0.8451228937862716,211.0300624610356
2024-01-19 03:00:00,Zone B,244,23.355335643346677,46.48836213288817,0.5673919020775664,154.5910643809641
2024-01-19 04:00:00,Zone C,401,23.427140045541403,79.3568591108207,0.24156526204341475,155.2602058833868
2024-01-19 05:00:00,Zone A,244,29.75164603177783,55.42429521892577,0.8290225595072265,156.12596387584657
2024-01-19 06:00:00,Zone C,204,19.775542915366046,70.05299395748823,0.36109102570877954,113.72455003360616
2024-01-19 07:00:00,Zone C,142,17.209482262627894,35.73211883008009,0.40689666791043105,85.1127592029687
2024-01-19 08:00:00,Zone B,209,22.09244315281553,67.43155948059439,0.3317650827458367,113.11839545535565
2024-01-19 09:00:00,Zone C,483,20.744779833081637,57.10606072423374,0.46417205189719807,209.5585260796245
2024-01-19 10:00:00,Zone B,110,20.9261624091198,65.19650779052844,0.805401204550908,130.4174028866143
2024-01-19 11:00:00,Zone A,171,19.672155020998197,40.0808524646918,0.6155086876031499,143.26057660636008
2024-01-19 12:00:00,Zone B,100,15.841863792727239,74.21242469665093,0.36390501932057007,90.83718003450129
2024-01-19 13:00:00,Zone A,452,15.357478694668277,81.7678246525937,0.9022640625216327,251.3277062566576
2024-01-19 14:00:00,Zone B,326,34.75444779472063,43.00438800544654,0.9036654839612235,216.89127655553392
2024-01-19 15:00:00,Zone C,54,23.555462674717248,35.7428733312097,0.8964627400368055,111.0287025620017
2024-01-19 16:00:00,Zone C,141,22.686532943193633,31.418315162780182,0.39103696910523145,107.15309099455932
2024-01-19 17:00:00,Zone A,219,28.5929456538614,68.51829002659596,0.5609914753447904,146.1823409359882
2024-01-19 18:00:00,Zone A,366,19.365077757301282,66.42564216532685,0.9879917249127002,236.33513819966802
2024-01-19 19:00:00,Zone A,71,33.99922367900451,62.8018447628442,0.8176099810479924,118.50248419856833
2024-01-19 20:00:00,Zone B,454,30.726900288311043,43.916825766958524,0.22173393698044785,163.90993130660024
2024-01-19 21:00:00,Zone B,375,16.78822004624519,53.45435975433088,0.25216367300839365,163.3014238504539
2024-01-19 22:00:00,Zone A,50,23.35161551569857,65.66858011117039,0.5711451014498663,98.3529676344753
2024-01-19 23:00:00,Zone C,182,32.58236615124329,59.80601153155016,0.9273761646892482,163.31124969215708
2024-01-20 00:00:00,Zone B,282,33.8946404458282,89.26713121289325,0.6309614383621713,170.4107954443801
2024-01-20 01:00:00,Zone B,61,24.348030224997395,38.18638515340399,0.5982500064274322,106.75583760757067
2024-01-20 02:00:00,Zone B,395,27.268227784214154,71.70867324285562,0.2843789599653045,160.29280283011394
2024-01-20 03:00:00,Zone A,95,18.340678921841505,54.259126086257524,0.7254240837794352,135.6572346964913
2024-01-20 04:00:00,Zone A,83,34.82337252273953,55.69197689553688,0.8576825284801803,126.72978988974255
2024-01-20 05:00:00,Zone A,482,19.63343402766887,73.05586593949057,0.5043360060060499,223.88206665565448
2024-01-20 06:00:00,Zone A,127,33.85463548270251,71.54616907946217,0.8204894807402621,144.7138513255098
2024-01-20 07:00:00,Zone A,267,27.992932979847367,89.4753596221313,0.9715813231206494,212.38225173925358
2024-01-20 08:00:00,Zone C,350,27.154735897577183,37.703657367247516,0.3630131673021513,154.26280254155355
2024-01-20 09:00:00,Zone C,460,25.25377022033017,36.246578963049984,0.618663704955793,215.58926531559842
2024-01-20 10:00:00,Zone A,122,19.61339623435517,73.46032902772447,0.4297103664676605,102.51765270001023
2024-01-20 11:00:00,Zone B,331,18.530560640110167,64.70321502038455,0.8342835352270714,193.0593462250134
2024-01-20 12:00:00,Zone A,298,19.409724181403508,46.44963999358835,0.662074692704926,180.06953039597292
2024-01-20 13:00:00,Zone C,96,18.72876524288509,34.765162139339196,0.7076659340402431,108.87899626433035
2024-01-20 14:00:00,Zone C,170,30.591689471335066,35.13949497578583,0.8383313276927153,151.81170839956255
2024-01-20 15:00:00,Zone B,263,22.002505183334602,83.6514524798471,0.5167763781299639,146.16543663621454
2024-01-20 16:00:00,Zone C,288,16.156853531267927,41.512039483124575,0.9320720547256347,168.74901819374244
2024-01-20 17:00:00,Zone A,105,34.38205260281623,49.40229372693125,0.626423093796912,115.86531154020226
2024-01-20 18:00:00,Zone B,399,32.67571769926852,43.59938413361928,0.3263638582682784,198.25270394938826
2024-01-20 19:00:00,Zone A,156,33.55504566390426,51.29977834991624,0.756719294535042,153.9999462680294
2024-01-20 20:00:00,Zone A,368,34.8981564529287,34.1654305647656,0.8346090803506037,214.46065293184105
2024-01-20 21:00:00,Zone B,97,18.477904984389745,61.14358745449622,0.45340934165402136,91.4319053579746
2024-01-20 22:00:00,Zone A,110,22.924840378053176,34.05675381553289,0.8857434055990023,137.78028640234857
2024-01-20 23:00:00,Zone C,386,30.164769514081826,78.0213904693417,0.9249146038126133,241.4328374325145
2024-01-21 00:00:00,Zone A,75,28.920412361075844,44.02272491462598,0.42152358990224714,73.2169407644918
2024-01-21 01:00:00,Zone B,341,18.0779181267971,62.400714876270634,0.9868171781721777,231.83624498987945
2024-01-21 02:00:00,Zone B,306,31.316662499812356,82.80474525368749,0.31256922243900676,159.29834944897556
2024-01-21 03:00:00,Zone B,57,19.488811436733215,69.05264214283164,0.361612534721992,82.04916373253815
2024-01-21 04:00:00,Zone A,162,19.47635229645246,61.977467193080116,0.3473798713904209,107.90877888433637
2024-01-21 05:00:00,Zone B,404,25.73948845786827,49.460025186922536,0.9151917680062964,233.10314379810137
2024-01-21 06:00:00,Zone B,302,26.858798696834064,49.98011478349187,0.7234340418599696,190.4115589810972
2024-01-21 07:00:00,Zone A,229,26.601724156756223,70.1692173118914,0.32168342657781834,131.46101712027638
2024-01-21 08:00:00,Zone C,256,16.829736747955096,89.64836167327005,0.5522587346946792,153.14703339389374
2024-01-21 09:00:00,Zone A,352,32.549217252607605,69.71035139096271,0.6922384200558416,196.0495814558507
2024-01-21 10:00:00,Zone B,176,20.312000851774123,63.46700504220149,0.26677126799150663,101.31389110092047
2024-01-21 11:00:00,Zone B,105,17.590298425656083,73.83903061435477,0.905933094725871,159.38743648067236
2024-01-21 12:00:00,Zone A,263,32.774961597379544,57.91233673702309,0.8428828283532281,175.48966406514023
2024-01-21 13:00:00,Zone C,63,34.11302996459507,33.60854055604711,0.6041654188613106,85.00820932565412
2024-01-21 14:00:00,Zone B,77,32.24255234530901,63.73780895267459,0.9737012922073365,147.76232036175733
2024-01-21 15:00:00,Zone B,127,31.19032149449756,87.45751707032281,0.5342087834200797,121.99738737243175
2024-01-21 16:00:00,Zone B,265,28.104839612780435,40.51817654145958,0.9872882552291984,199.30781332002803
2024-01-21 17:00:00,Zone A,435,26.017147412182787,71.40029344923994,0.7343359990429017,231.06004953809625
2024-01-21 18:00:00,Zone B,414,16.739735198228203,42.05602131954339,0.7077370186031533,207.84877765716723
2024-01-21 19:00:00,Zone C,203,23.169064261413972,62.14966106838487,0.33276391623662804,130.77258392792618
