timestamp,zone,traffic_volume,temperature,humidity,industrial_activity,co2_emission,zone_encoded,hour,dayofweek
2024-01-01 00:00:00,Zone C,443,15.733664057811955,52.36131102073884,0.2773411597173757,175.52840114896463,2,0,0
2024-01-01 01:00:00,Zone A,299,20.04873888688041,45.58522702561957,0.5602967490065481,172.72351581732954,0,1,0
2024-01-01 02:00:00,Zone C,196,29.26699171769105,73.40520682131509,0.804930663116197,177.55476487860668,2,2,0
2024-01-01 03:00:00,Zone C,491,32.904136753743984,59.75254410472625,0.4780572193911857,246.11352188174757,2,3,0
2024-01-01 04:00:00,Zone A,145,25.23354884231332,34.86277295445888,0.7319293795897746,139.55524381893034,0,4,0
2024-01-01 05:00:00,Zone A,306,25.642269705306312,43.21099211698868,0.8363599686317833,197.59306633452027,0,5,0
2024-01-01 06:00:00,Zone C,374,17.14344022679552,70.99552581957576,0.9417422555835622,229.37454982876287,2,6,0
2024-01-01 07:00:00,Zone B,53,23.94824733646909,34.56785156941801,0.3877136654843628,67.63257286880064,1,7,0
2024-01-01 08:00:00,Zone C,65,25.652345329100463,81.07241484292612,0.5194527326474465,101.30553279958698,2,8,0
2024-01-01 09:00:00,Zone C,329,19.849410072694592,59.70879162083846,0.321932810664334,147.82078931828863,2,9,0
2024-01-01 10:00:00,Zone C,385,20.38486461898762,58.83519463959888,0.9939868017267002,236.50427471088096,2,10,0
2024-01-01 11:00:00,Zone C,296,22.545683262092453,65.54446707957106,0.9416007743394365,218.2632195107744,2,11,0
2024-01-01 12:00:00,Zone A,307,15.401423955554527,79.48085795550895,0.6319657042244478,167.28788594297197,0,12,0
2024-01-01 13:00:00,Zone C,433,21.441583311663564,50.86855247413158,0.8736266355011371,247.41179298089597,2,13,0
2024-01-01 14:00:00,Zone B,209,19.22896013993089,70.68096915354381,0.6167663818176338,159.37556674184313,1,14,0
2024-01-01 15:00:00,Zone A,389,21.54994704355829,63.94391783974746,0.6988685504022079,206.8149321556828,0,15,0
2024-01-01 16:00:00,Zone B,201,17.395242636385024,46.02169621016528,0.2712995456928133,82.37384187578246,1,16,0
2024-01-01 17:00:00,Zone B,445,32.8105456147979,82.71779918130949,0.8042163363974464,237.51119185098136,1,17,0
2024-01-01 18:00:00,Zone B,227,26.871849071080973,77.8455612964157,0.3021707869081879,137.6048760441454,1,18,0
2024-01-01 19:00:00,Zone B,212,28.582046382889796,69.50711007950554,0.8608541042020228,174.79097036627047,1,19,0
2024-01-01 20:00:00,Zone A,429,30.78342477214677,81.03490374565452,0.8256224701363089,229.78957534867132,0,20,0
2024-01-01 21:00:00,Zone A,82,24.968843978581145,82.03765205758813,0.7669957581943811,122.64689461010605,0,21,0
2024-01-01 22:00:00,Zone B,466,16.738405761748474,72.50177860290208,0.2289283044198097,192.2947487323063,1,22,0
2024-01-01 23:00:00,Zone B,494,25.742130836370954,80.22079970182033,0.4425026847562629,224.2586164325525,1,23,0
2024-01-02 00:00:00,Zone A,228,26.736822360417584,71.84828770015702,0.4104900559286743,132.12407108536894,0,0,1
2024-01-02 01:00:00,Zone A,476,29.9087894836866,70.80844630561802,0.4881091259772153,214.0678735341729,0,1,1
2024-01-02 02:00:00,Zone A,150,23.63319092459359,67.11668269291106,0.2701141974110708,90.97045115908853,0,2,1
2024-01-02 03:00:00,Zone C,317,17.551606055911275,75.16299837345846,0.9495662584248504,202.8857660945562,2,3,1
2024-01-02 04:00:00,Zone C,372,20.67551811597449,39.51630631758442,0.643041792569901,208.2314046615912,2,4,1
2024-01-02 05:00:00,Zone C,114,22.2616459279727,82.85224555193571,0.4444194485264188,100.8938476421047,2,5,1
2024-01-02 06:00:00,Zone B,466,27.918344826632023,82.31061166471392,0.5175852136594268,231.3595668377932,1,6,1
2024-01-02 07:00:00,Zone C,217,26.41556609337824,31.75483698207355,0.5577620324038686,153.00655759337738,2,7,1
2024-01-02 08:00:00,Zone B,379,22.121934517956923,79.54900503388576,0.6804754666884938,216.4892304642889,1,8,1
2024-01-02 09:00:00,Zone B,92,34.7303049758596,37.73219204840671,0.6125435421571983,105.97671148856452,1,9,1
2024-01-02 10:00:00,Zone C,93,27.115496387137743,50.10713125554851,0.9355135785715338,146.35628356648425,2,10,1
2024-01-02 11:00:00,Zone B,334,19.74453583471989,74.61049537749646,0.5975707863246642,182.5350359779445,1,11,1
2024-01-02 12:00:00,Zone C,446,17.035649452408073,39.64559376289849,0.9937264118586502,238.87900111210664,2,12,1
2024-01-02 13:00:00,Zone C,61,18.05718278368664,79.07802144714373,0.8811399661960766,132.6960668397271,2,13,1
2024-01-02 14:00:00,Zone A,144,19.919154567690164,79.92805067746451,0.3668084114858687,92.0437151995578,0,14,1
2024-01-02 15:00:00,Zone C,351,18.213627465191117,60.44806402565017,0.9444761717151332,230.99947484733545,2,15,1
2024-01-02 16:00:00,Zone A,435,18.73134048102612,30.38315230301001,0.2930931183083809,168.7323055108666,0,16,1
2024-01-02 17:00:00,Zone C,302,20.70190337387694,47.22228799049476,0.8539597667929533,195.73279218567345,2,17,1
2024-01-02 18:00:00,Zone C,291,18.467471905895096,67.01561510254453,0.5044986347812641,161.3728539764548,2,18,1
2024-01-02 19:00:00,Zone A,84,32.935308492528506,88.87117068164541,0.9023794563560557,143.7972534319053,0,19,1
2024-01-02 20:00:00,Zone A,264,16.604674913232845,67.9088116210001,0.8944453520859603,194.73510551284195,0,20,1
2024-01-02 21:00:00,Zone C,386,25.490227791405093,45.58821486384959,0.844740320094097,214.8387295325164,2,21,1
2024-01-02 22:00:00,Zone B,139,23.20793653979323,68.04034218597668,0.8320243490456491,156.50665093224998,1,22,1
2024-01-02 23:00:00,Zone A,313,34.647572338172125,62.39912278295133,0.4437433112784326,151.15338781723491,0,23,1
2024-01-03 00:00:00,Zone B,142,17.240778043361047,76.79072370906862,0.2647354264410018,92.59179439872244,1,0,2
2024-01-03 01:00:00,Zone B,459,22.95711198091483,36.4188383296175,0.5223841430121292,225.7943167500852,1,1,2
2024-01-03 02:00:00,Zone B,139,34.389408665507375,75.66167415012168,0.3388196119892069,94.46674624909224,1,2,2
2024-01-03 03:00:00,Zone A,467,32.310142517879605,62.47599472056662,0.7559608711219694,234.3378933582136,0,3,2
2024-01-03 04:00:00,Zone B,164,31.3414414189856,87.77952023153968,0.4768797812302284,132.11953723351417,1,4,2
2024-01-03 05:00:00,Zone A,154,20.1580565408988,50.51232996232116,0.980488160687932,164.21032249701292,0,5,2
2024-01-03 06:00:00,Zone B,440,18.417751747801315,67.9573135880369,0.7127776618762656,227.74263059709008,1,6,2
2024-01-03 07:00:00,Zone C,245,28.37286439848862,85.92168633060105,0.8579844509074888,192.7237994177412,2,7,2
2024-01-03 08:00:00,Zone C,363,33.58751978255172,36.15058367944076,0.3060197381934788,166.5143131538744,2,8,2
2024-01-03 09:00:00,Zone A,163,26.1352578602786,86.23370923418707,0.8896115858180982,176.6590019923209,0,9,2
2024-01-03 10:00:00,Zone C,124,26.432253789398,71.27314333804881,0.9382057524107156,159.94629199372565,2,10,2
2024-01-03 11:00:00,Zone C,462,20.599581873205683,34.07022354631032,0.5896495350551487,210.2062544178738,2,11,2
2024-01-03 12:00:00,Zone B,425,30.389858663838737,48.057814016808976,0.685002350200782,224.4934783010028,1,12,2
2024-01-03 13:00:00,Zone A,469,18.74087497115047,72.4903253187169,0.8118478407223964,262.87801847339534,0,13,2
2024-01-03 14:00:00,Zone B,266,21.473584728084877,34.041036088126305,0.33987090180833,127.85839382586649,1,14,2
2024-01-03 15:00:00,Zone B,326,23.508728772328336,64.9302276105764,0.602052861170754,170.6495301014156,1,15,2
2024-01-03 16:00:00,Zone B,298,25.1522075736891,50.75298341717741,0.5189304222178506,172.5753286275659,1,16,2
2024-01-03 17:00:00,Zone B,213,19.848194648301604,67.25493106604863,0.3170991937297993,115.79637180597432,1,17,2
2024-01-03 18:00:00,Zone B,443,17.29673649478407,32.74452202875077,0.4940275378332251,174.04365732684596,1,18,2
2024-01-03 19:00:00,Zone B,406,27.21240084883265,82.29220836914257,0.2545378475083948,183.0714035357053,1,19,2
2024-01-03 20:00:00,Zone B,457,20.772611064805115,88.4093381506438,0.2206495255595896,179.80258275247053,1,20,2
2024-01-03 21:00:00,Zone A,241,26.624764428452245,88.13267131714149,0.3081330313238582,130.4844103441534,0,21,2
2024-01-03 22:00:00,Zone C,276,18.087254305484045,74.97910990457548,0.9704920892713392,205.3997359359328,2,22,2
2024-01-03 23:00:00,Zone B,226,24.62280203709635,37.80517440783792,0.6396236287160135,151.07751536579812,1,23,2
2024-01-04 00:00:00,Zone B,148,25.651788651031715,75.49579175574135,0.972657728922576,174.12016487520896,1,0,3
2024-01-04 01:00:00,Zone B,85,16.03647073644854,31.47521498752809,0.5459983026641055,88.45459785279716,1,1,3
2024-01-04 02:00:00,Zone B,145,21.73208556387841,31.327413091739835,0.4494529064682077,108.53466547248094,1,2,3
2024-01-04 03:00:00,Zone B,201,17.688293538779483,49.41661314897247,0.6049134902721953,135.15452229668662,1,3,3
2024-01-04 04:00:00,Zone B,200,16.267499409455354,59.31859142427994,0.5516093509063281,140.919757948146,1,4,3
2024-01-04 05:00:00,Zone C,239,34.7992046477989,76.22444506846759,0.2845317474093951,135.47142045388313,2,5,3
2024-01-04 06:00:00,Zone C,273,21.44707689949446,70.9977225963903,0.712661051752165,166.59009343384636,2,6,3
2024-01-04 07:00:00,Zone B,86,31.1974889170927,56.7541623826049,0.3728305460076797,97.77270380587636,1,7,3
2024-01-04 08:00:00,Zone C,317,20.092813095275275,46.41759997689995,0.6956703639182638,176.62804717417598,2,8,3
2024-01-04 09:00:00,Zone A,418,28.630054444478585,89.82747000946267,0.7201608739185228,234.9141811543477,0,9,3
2024-01-04 10:00:00,Zone B,232,30.204557197793733,55.57087813415838,0.3216198825029185,128.6308598902544,1,10,3
2024-01-04 11:00:00,Zone A,62,26.912774812156886,57.08322145978053,0.2490797016885345,84.07156115362355,0,11,3
2024-01-04 12:00:00,Zone A,328,24.431523771003167,39.81742927150015,0.8246092688547519,196.362362424458,0,12,3
2024-01-04 13:00:00,Zone B,266,23.23681828294537,77.68857292499575,0.5678403390154562,157.92330783854095,1,13,3
2024-01-04 14:00:00,Zone C,404,21.977365330859904,71.62093354688932,0.2465310364043806,168.77404042328254,2,14,3
2024-01-04 15:00:00,Zone A,410,33.59058288495652,43.24617676732562,0.9958930537358136,241.64297605268635,0,15,3
2024-01-04 16:00:00,Zone B,335,31.612388155754584,34.94286273695056,0.2462244487970933,152.75539170882178,1,16,3
2024-01-04 17:00:00,Zone A,322,34.300538213330256,70.82995812448279,0.7560281830868425,183.92591913454703,0,17,3
2024-01-04 18:00:00,Zone A,418,17.485944469710894,69.27067285686812,0.9869431402107308,234.40600218886752,0,18,3
2024-01-04 19:00:00,Zone A,111,29.617349504072884,46.39557161989256,0.3913440833727405,82.88243324708978,0,19,3
2024-01-04 20:00:00,Zone A,133,33.76680913642076,87.05181373502462,0.3137994949497569,111.70011181628468,0,20,3
2024-01-04 21:00:00,Zone C,417,18.6246613233132,39.06347350685401,0.2971079515379431,187.17948811030968,2,21,3
2024-01-04 22:00:00,Zone A,266,16.32992534733555,55.940088062556114,0.4426201180540765,140.7375073714784,0,22,3
2024-01-04 23:00:00,Zone A,391,29.82241298580118,86.61695521005593,0.2808366488085174,172.9478038852833,0,23,3
2024-01-05 00:00:00,Zone A,446,26.48946226359824,55.18363901556734,0.7537290733553055,231.5059416752151,0,0,4
2024-01-05 01:00:00,Zone C,236,31.83657553516544,68.31155685984513,0.2498334385040501,133.79906846252211,2,1,4
2024-01-05 02:00:00,Zone A,68,17.79544753252579,53.85566387776765,0.6075377025198319,89.7695506986413,0,2,4
2024-01-05 03:00:00,Zone A,226,30.905346237197804,46.452912140920205,0.9973574830823816,191.5721590586492,0,3,4
2024-01-05 04:00:00,Zone C,149,19.03254640095489,89.0386588775897,0.851176215604815,164.9903481942057,2,4,4
2024-01-05 05:00:00,Zone C,445,18.27311885731409,54.560040378902585,0.6921755505848087,225.94975237658545,2,5,4
2024-01-05 06:00:00,Zone C,494,18.285315958619854,83.64595222074806,0.4450028966292894,218.63942265651397,2,6,4
2024-01-05 07:00:00,Zone A,282,31.29149440462764,43.79727635346517,0.6991166690333108,185.7981808615466,0,7,4
2024-01-05 08:00:00,Zone C,452,28.303944413924,42.786282241505,0.6216331711293213,190.60982839681037,2,8,4
2024-01-05 09:00:00,Zone C,125,25.461308495382383,31.86804497307068,0.5408667071122972,114.9235562993059,2,9,4
2024-01-05 10:00:00,Zone A,314,22.17660968247005,69.10000952255311,0.3045683013921596,140.80671908544036,0,10,4
2024-01-05 11:00:00,Zone C,333,32.544010816262166,52.11158062342567,0.9092833721923734,195.9619287018628,2,11,4
2024-01-05 12:00:00,Zone A,255,22.84890214845271,81.86149499037822,0.559827719057058,163.10665775841233,0,12,4
2024-01-05 13:00:00,Zone B,272,31.33198878943154,58.39259440149343,0.355698009456612,155.11770079336208,1,13,4
2024-01-05 14:00:00,Zone C,433,23.78269817140437,88.09160567488331,0.4942074807018317,205.07766332744467,2,14,4
2024-01-05 15:00:00,Zone B,101,22.538888588498157,41.13153094218727,0.5313038020231416,110.20098729818028,1,15,4
2024-01-05 16:00:00,Zone A,388,24.25359571339213,82.11739007733664,0.8620303164534995,244.8507305260606,0,16,4
2024-01-05 17:00:00,Zone C,416,21.02755748328284,76.59581116750451,0.7868915044491216,240.36848020756665,2,17,4
2024-01-05 18:00:00,Zone A,193,29.952187603525022,76.25531067864313,0.8154439149130719,183.07597396215976,0,18,4
2024-01-05 19:00:00,Zone B,422,25.054407801849585,80.68699368701326,0.2088250115429177,181.0629379231532,1,19,4
2024-01-05 20:00:00,Zone A,118,19.644253902936345,75.66143945657993,0.5329231985438092,112.43664569588738,0,20,4
2024-01-05 21:00:00,Zone C,148,32.991491465491364,67.57321929788492,0.5850753213082589,113.59911445762776,2,21,4
2024-01-05 22:00:00,Zone C,445,22.67782442746423,37.87469266094325,0.2153538214584453,169.2208255677194,2,22,4
2024-01-05 23:00:00,Zone B,74,25.871057222279774,31.951570769475115,0.4078505669960274,71.29132778924775,1,23,4
2024-01-06 00:00:00,Zone A,485,33.12944221929094,85.2508708689412,0.808231858497708,278.3345640862535,0,0,5
2024-01-06 01:00:00,Zone C,428,27.48475991827984,66.99901887124429,0.3096877645831992,182.00362607555732,2,1,5
2024-01-06 02:00:00,Zone B,102,17.337960814167282,77.79223745857058,0.6282481051620734,117.15049040143325,1,2,5
2024-01-06 03:00:00,Zone C,200,33.796642472269504,58.891341090753,0.37216149761379,128.02792872884208,2,3,5
2024-01-06 04:00:00,Zone C,193,27.55416106142836,37.03849133774367,0.2096966197151146,97.73504912735608,2,4,5
2024-01-06 05:00:00,Zone A,106,21.698112293141723,37.51114753215303,0.3929611660796332,104.22810143595814,0,5,5
2024-01-06 06:00:00,Zone C,88,17.785441453267744,71.13391723373829,0.980699003928043,139.58436680351454,2,6,5
2024-01-06 07:00:00,Zone A,158,30.88050378540592,55.818353693967765,0.8412296895063918,156.9849157559675,0,7,5
2024-01-06 08:00:00,Zone C,230,27.40145511857027,42.0314836020202,0.9676613154568268,177.70830445653434,2,8,5
2024-01-06 09:00:00,Zone B,91,25.66922183952643,59.49567280448621,0.59028323514109,95.29492169860978,1,9,5
2024-01-06 10:00:00,Zone C,235,32.87785166101915,33.85253622450804,0.2877889589420028,113.0828528944567,2,10,5
2024-01-06 11:00:00,Zone A,472,30.77194422449061,64.91828411486392,0.6383675911789544,230.35882566018037,0,11,5
2024-01-06 12:00:00,Zone A,447,18.033497594655024,46.13960426610586,0.5635018676479687,202.59848441070744,0,12,5
2024-01-06 13:00:00,Zone B,272,21.234441355910967,77.85354603823129,0.8754856661916928,186.28884257044135,1,13,5
2024-01-06 14:00:00,Zone C,171,19.96978279628932,48.621717535414426,0.2784660646273957,82.79568845161984,2,14,5
2024-01-06 15:00:00,Zone C,182,29.878925851453538,57.31320894490807,0.5905929096174225,136.24244736501834,2,15,5
2024-01-06 16:00:00,Zone B,212,15.670648694715588,30.69723239448604,0.3200389317551874,92.96439539199216,1,16,5
2024-01-06 17:00:00,Zone C,264,26.39779369742633,34.34681326767353,0.459740741512048,150.20311392060609,2,17,5
2024-01-06 18:00:00,Zone C,270,30.24917371481381,53.54961338440109,0.7898856619102397,183.62255588317475,2,18,5
2024-01-06 19:00:00,Zone A,284,32.53531273523499,58.79633008302741,0.5808145034950132,153.4793264655515,0,19,5
2024-01-06 20:00:00,Zone C,380,21.841634974318147,66.00123288715822,0.5007106281166155,182.91587260832185,2,20,5
2024-01-06 21:00:00,Zone C,195,31.425146093440254,47.499754722558194,0.5155810228560282,124.60654761158474,2,21,5
2024-01-06 22:00:00,Zone B,288,17.212634739104146,71.69891316759255,0.5675574147247893,167.5723231058309,1,22,5
2024-01-06 23:00:00,Zone B,125,31.929045834690363,81.60734383135227,0.8280132350696456,162.79891506734262,1,23,5
2024-01-07 00:00:00,Zone A,58,17.54977324663965,76.791059333601,0.9136677511521876,112.39317158413738,0,0,6
2024-01-07 01:00:00,Zone C,123,22.945745811207345,32.37712952090143,0.9642677492031426,150.13075994045167,2,1,6
2024-01-07 02:00:00,Zone C,491,30.94590731559107,58.83041683546973,0.8295227090042361,252.7953892380876,2,2,6
2024-01-07 03:00:00,Zone C,450,17.998348546975475,36.29581070509049,0.4523255165984102,201.404453984154,2,3,6
2024-01-07 04:00:00,Zone A,302,19.58502790465283,44.522700951751645,0.7505077648692338,184.5212941215117,0,4,6
2024-01-07 05:00:00,Zone A,279,29.445051367861325,89.19975559602878,0.5500824992443136,160.80652827339347,0,5,6
2024-01-07 06:00:00,Zone B,56,29.400730730921488,38.5497325740908,0.4037364976368409,73.45334921420466,1,6,6
2024-01-07 07:00:00,Zone A,223,27.822952657705947,59.933289207081366,0.8726972635407382,169.32530669053756,0,7,6
2024-01-07 08:00:00,Zone C,190,28.878968889342,67.08934405908715,0.23074107916986,115.8036356705262,2,8,6
2024-01-07 09:00:00,Zone C,217,25.854488866951925,72.14789823264624,0.9214095937083387,182.2254510508633,2,9,6
2024-01-07 10:00:00,Zone A,219,20.035981178139053,63.578921009214845,0.5691819716997873,162.3602807006074,0,10,6
2024-01-07 11:00:00,Zone C,442,21.913919870078388,30.58625084515102,0.7097611814466245,217.8523281235778,2,11,6
2024-01-07 12:00:00,Zone C,483,18.631954336028517,49.58767849463951,0.7274831377646263,227.93456354069733,2,12,6
2024-01-07 13:00:00,Zone A,332,33.169011226672566,61.06269860308269,0.9160941925652292,201.5524195416802,0,13,6
2024-01-07 14:00:00,Zone A,171,26.66783589532241,35.27198994869,0.7093357457337659,121.9237101586841,0,14,6
2024-01-07 15:00:00,Zone C,243,23.0170283352728,51.037615872550845,0.6911468678080495,145.58766185936932,2,15,6
2024-01-07 16:00:00,Zone C,54,24.240116072882653,31.992186527481994,0.253321632448552,60.29791348961949,2,16,6
2024-01-07 17:00:00,Zone C,78,33.94566679223631,34.71470982930124,0.6147264175561633,110.48110067067044,2,17,6
2024-01-07 18:00:00,Zone B,214,18.067028062321604,53.81539657209576,0.3201352006536333,98.3915035843898,1,18,6
2024-01-07 19:00:00,Zone B,471,26.724596640335943,37.96294524258362,0.7899470149771886,247.52751234313104,1,19,6
2024-01-07 20:00:00,Zone B,388,25.11777357768932,64.05245089569348,0.6097775366501397,195.404742758394,1,20,6
2024-01-07 21:00:00,Zone A,185,27.22908470869296,71.36789814823595,0.7441822233666826,156.55136596964812,0,21,6
2024-01-07 22:00:00,Zone B,414,15.36220367641681,78.03520194654497,0.2333383204819074,185.4079601906207,1,22,6
2024-01-07 23:00:00,Zone A,370,32.44247817888303,42.009014654688606,0.2678336128366426,168.13054864481052,0,23,6
2024-01-08 00:00:00,Zone A,391,33.64236564967224,40.04895493554419,0.7730587104501458,213.387301812934,0,0,0
2024-01-08 01:00:00,Zone B,194,26.30266367178418,36.274070420064014,0.2576674687989387,92.83070417846749,1,1,0
2024-01-08 02:00:00,Zone B,376,28.933016477537844,68.1858149726182,0.2570053822122069,142.1927537934664,1,2,0
2024-01-08 03:00:00,Zone B,266,33.449987623545915,72.38854358921407,0.2096867801879099,121.43484859362798,1,3,0
2024-01-08 04:00:00,Zone C,350,29.14477268626797,31.89516868953852,0.965201118639584,217.44575228809637,2,4,0
2024-01-08 05:00:00,Zone B,181,18.050780858285226,86.17273477462139,0.7900066875672056,147.88373278344707,1,5,0
2024-01-08 06:00:00,Zone C,341,26.525767203336265,33.118277019088346,0.4826011268016513,166.48150529439425,2,6,0
2024-01-08 07:00:00,Zone A,119,27.13430092765712,62.47778011806423,0.4372284650301242,103.5406417272758,0,7,0
2024-01-08 08:00:00,Zone C,301,23.48261342604772,72.54363116705498,0.4797625837966797,159.92947016541726,2,8,0
2024-01-08 09:00:00,Zone B,464,29.72888471249445,82.25814742476513,0.8197228249449455,243.0154400562108,1,9,0
2024-01-08 10:00:00,Zone A,324,33.687340295380295,72.84521592794567,0.7290964888563316,199.8401749090417,0,10,0
2024-01-08 11:00:00,Zone A,494,33.51137025813553,78.10368498418751,0.3481564542939743,216.4603370251832,0,11,0
2024-01-08 12:00:00,Zone A,413,24.016787428082644,50.36701155256837,0.3392874682672675,166.604873334045,0,12,0
2024-01-08 13:00:00,Zone C,231,17.264760916815106,78.88950682479074,0.2787165197707179,133.96478150621869,2,13,0
2024-01-08 14:00:00,Zone B,216,34.69682397924669,34.806890783080505,0.7282421757610706,157.47844400157922,1,14,0
2024-01-08 15:00:00,Zone A,140,31.777961728918683,83.68899936363167,0.8114981297773889,152.78729377148116,0,15,0
2024-01-08 16:00:00,Zone A,251,17.493253624065336,62.85554256922418,0.4120371426600032,143.15426846203687,0,16,0
2024-01-08 17:00:00,Zone A,395,33.416837652347446,79.03786619774962,0.2167559688247302,171.68206649559696,0,17,0
2024-01-08 18:00:00,Zone C,68,32.39792724124257,57.13909707109801,0.2657373339811419,80.89209004796326,2,18,0
2024-01-08 19:00:00,Zone C,88,25.37676114252144,68.6146617117915,0.9742880278760244,150.57368123898758,2,19,0
2024-01-08 20:00:00,Zone B,175,26.825508714898582,61.58415965616679,0.4363558219819362,113.05824386898205,1,20,0
2024-01-08 21:00:00,Zone C,222,22.98005407740261,73.89537130531991,0.8153785182705069,175.7239829711367,2,21,0
2024-01-08 22:00:00,Zone A,190,16.095232776440625,34.897798921835374,0.699730855083411,128.9534763300778,0,22,0
2024-01-08 23:00:00,Zone B,291,21.70394483291802,33.62112503943383,0.5055517117223167,154.34657117105087,1,23,0
2024-01-09 00:00:00,Zone A,269,31.057068971960227,44.82619404060878,0.3645498097564441,138.21074746610566,0,0,1
2024-01-09 01:00:00,Zone A,175,15.092640460092056,39.5726808067913,0.2971091345275252,94.0813372254222,0,1,1
2024-01-09 02:00:00,Zone C,107,21.669983433822885,82.3070139955321,0.6920103744310933,125.1450585013556,2,2,1
2024-01-09 03:00:00,Zone B,197,22.963373871818867,43.15283924148266,0.8197070245102305,140.06812939307073,1,3,1
2024-01-09 04:00:00,Zone C,366,25.74791205875846,88.55191534914788,0.7151234028329045,203.8346390992138,2,4,1
2024-01-09 05:00:00,Zone C,432,33.39711232825521,50.213747506266415,0.6242417065993267,216.35421410389915,2,5,1
2024-01-09 06:00:00,Zone B,410,21.926919887319222,40.92707494132196,0.233560978745309,164.91084473769698,1,6,1
2024-01-09 07:00:00,Zone A,472,21.939064037924556,77.38191042854875,0.9747910220755072,253.0543584991707,0,7,1
2024-01-09 08:00:00,Zone A,50,29.750024962194967,69.52246653005257,0.8389713533236598,137.35871703190148,0,8,1
2024-01-09 09:00:00,Zone B,436,24.044358817796144,59.89174298718834,0.4342576293607718,187.16010657848827,1,9,1
2024-01-09 10:00:00,Zone A,397,19.49209645879964,63.321813056257874,0.9839762634870806,247.65339954874685,0,10,1
2024-01-09 11:00:00,Zone B,239,24.04879032265387,73.15210669633584,0.6815052717090577,168.37240825795135,1,11,1
2024-01-09 12:00:00,Zone B,240,17.817140407595996,43.70728447987793,0.6659381265657972,147.99985261715565,1,12,1
2024-01-09 13:00:00,Zone C,418,18.527739730124463,89.78003496340452,0.7984585435436258,248.3660661651884,2,13,1
2024-01-09 14:00:00,Zone B,458,24.967355454789598,88.487589728807,0.84941583047211,238.08967485732344,1,14,1
2024-01-09 15:00:00,Zone C,361,23.37850899009096,69.01954118081622,0.7251828858652021,213.16514215481985,2,15,1
2024-01-09 16:00:00,Zone A,466,33.296918021362,41.97254705574871,0.30247659709296,201.76675950942035,0,16,1
2024-01-09 17:00:00,Zone A,471,22.24787798233266,70.81369454587748,0.4706140047955987,204.71708849090197,0,17,1
2024-01-09 18:00:00,Zone A,166,26.61176700556087,34.33190453875055,0.9424669122608398,175.48243193670172,0,18,1
2024-01-09 19:00:00,Zone A,183,27.645285758390607,31.839150132348365,0.3796924894750815,107.79472813134456,0,19,1
2024-01-09 20:00:00,Zone C,107,15.261889131766672,45.46097331067282,0.4977336190700107,99.95724851464088,2,20,1
2024-01-09 21:00:00,Zone A,93,28.27074744033421,57.75737740435898,0.5456615063553568,107.92914348025336,0,21,1
2024-01-09 22:00:00,Zone B,222,18.560719337395028,82.09635032450282,0.5515239917555618,144.25286956070929,1,22,1
2024-01-09 23:00:00,Zone B,209,34.2214063493891,73.63014418597848,0.6903516659956204,168.2578407081112,1,23,1
2024-01-10 00:00:00,Zone B,222,17.973254555062258,74.56239127199886,0.954460670195766,192.0827343015234,1,0,2
2024-01-10 01:00:00,Zone C,366,23.292482474540478,55.52960006688452,0.3925541694660039,151.9930102174117,2,1,2
2024-01-10 02:00:00,Zone A,352,16.706993361572877,50.75609955281777,0.2972011010407345,165.19752978804766,0,2,2
2024-01-10 03:00:00,Zone A,198,34.93748503691894,52.26232577907616,0.3579763918879499,103.00017847902106,0,3,2
2024-01-10 04:00:00,Zone A,129,25.04390020662485,89.25897382416346,0.9095399201674156,167.84880890764077,0,4,2
2024-01-10 05:00:00,Zone C,423,26.90770034640088,32.406551484748945,0.7166486501241649,227.07630681620245,2,5,2
2024-01-10 06:00:00,Zone B,262,16.34152954776855,82.02188976734692,0.4287254313913281,133.50386860955766,1,6,2
2024-01-10 07:00:00,Zone B,252,29.99920940798356,64.7205245143436,0.8527575511748939,181.71140090400567,1,7,2
2024-01-10 08:00:00,Zone A,301,19.19811186191172,56.31692515137543,0.8890959970907488,187.0951827992553,0,8,2
2024-01-10 09:00:00,Zone B,278,32.96108578881427,73.51545962490819,0.8772114709522225,196.85946303284223,1,9,2
2024-01-10 10:00:00,Zone B,213,19.102792809640142,59.200136485482176,0.9351412269116436,173.81492427025947,1,10,2
2024-01-10 11:00:00,Zone C,276,18.81375441327333,82.40539428489964,0.4017928161386893,154.7824675588516,2,11,2
2024-01-10 12:00:00,Zone C,196,15.730993356961898,84.04211184067552,0.8040335429970227,175.4072614718182,2,12,2
2024-01-10 13:00:00,Zone C,69,24.441338902199984,55.30325561240733,0.568431597819312,112.33718457319222,2,13,2
2024-01-10 14:00:00,Zone C,490,26.29682266525233,46.60966783410309,0.8735988423120493,248.5788665983435,2,14,2
2024-01-10 15:00:00,Zone A,451,16.31417278856705,65.54101971560173,0.7827925417292907,231.1209084940309,0,15,2
2024-01-10 16:00:00,Zone C,96,30.51055233390021,84.74180073700145,0.8211579571997798,123.23399487872884,2,16,2
2024-01-10 17:00:00,Zone B,282,24.065776694960554,42.63973134033999,0.7249294701448572,167.18850329557606,1,17,2
2024-01-10 18:00:00,Zone A,354,25.4878053865516,67.37799501380897,0.3419430155757655,173.71353904593357,0,18,2
2024-01-10 19:00:00,Zone B,63,23.81525493876456,67.89361320555123,0.6360215351175507,121.76280636385346,1,19,2
2024-01-10 20:00:00,Zone B,192,23.01526121750652,73.98678134491686,0.9877357916196066,168.0335511991474,1,20,2
2024-01-10 21:00:00,Zone B,464,26.19280662616436,37.89406110763559,0.9499104531976952,246.32233760023345,1,21,2
2024-01-10 22:00:00,Zone C,50,18.10480491861425,72.94949788092532,0.2345389886376093,60.02166283780244,2,22,2
2024-01-10 23:00:00,Zone C,422,18.63856260990542,84.54195123993847,0.3318518525835497,186.9506121385009,2,23,2
2024-01-11 00:00:00,Zone A,103,32.235712420270346,40.78098653221452,0.3053830187636495,74.39274895169953,0,0,3
2024-01-11 01:00:00,Zone A,423,33.922309242672654,44.25259949543266,0.7807839279882365,231.6384468396201,0,1,3
2024-01-11 02:00:00,Zone C,308,22.46618632559506,88.28370564249838,0.8542282638855561,199.72764857658413,2,2,3
2024-01-11 03:00:00,Zone B,193,20.41489346287108,40.85861716256939,0.3708090930485375,111.17406741373328,1,3,3
2024-01-11 04:00:00,Zone A,490,27.879990864780314,81.26310560217475,0.6046821543614632,240.3356753825304,0,4,3
2024-01-11 05:00:00,Zone C,61,23.17468342196193,59.53667138688209,0.8725624224089601,126.79767258516658,2,5,3
2024-01-11 06:00:00,Zone C,379,15.507727113206895,44.83386446419063,0.7862412358130004,203.13012841415525,2,6,3
2024-01-11 07:00:00,Zone C,273,18.12305194732381,82.24499407635068,0.6337897643934787,167.8810979942892,2,7,3
2024-01-11 08:00:00,Zone B,321,29.31944457694795,56.71831530015993,0.6722781523670183,185.71562653545965,1,8,3
2024-01-11 09:00:00,Zone C,407,28.178478838203027,60.88904123578141,0.6066884375330239,202.5179332369186,2,9,3
2024-01-11 10:00:00,Zone C,457,15.54191985006967,51.55400216398594,0.4380387610550564,194.84348385165967,2,10,3
2024-01-11 11:00:00,Zone C,205,19.43944323865899,65.57705108609565,0.6520175942872128,163.5794186464512,2,11,3
2024-01-11 12:00:00,Zone C,422,19.62149593176143,39.81143235510137,0.7511082416400725,223.13090348714448,2,12,3
2024-01-11 13:00:00,Zone A,57,28.43785487197457,53.46489219910564,0.8986583326886461,126.079150477184,0,13,3
2024-01-11 14:00:00,Zone A,171,15.394210755087284,88.16473934011725,0.7090330831833984,152.96348453350558,0,14,3
2024-01-11 15:00:00,Zone C,397,17.082171639691477,45.48800596206765,0.8088972296345265,212.58199791418264,2,15,3
2024-01-11 16:00:00,Zone B,213,30.998321707463788,69.40419987247753,0.3280573079636584,134.71714582971327,1,16,3
2024-01-11 17:00:00,Zone A,139,18.570893241086672,49.511403853481696,0.569245979535832,119.65165794269517,0,17,3
2024-01-11 18:00:00,Zone C,185,28.054922157037492,76.40838754119605,0.2074652958616746,101.6771545171794,2,18,3
2024-01-11 19:00:00,Zone A,235,19.76365562093453,37.85241964310099,0.3973430916172984,130.18742459682662,0,19,3
2024-01-11 20:00:00,Zone A,365,16.988827855186905,88.18926270471269,0.7811693720904038,196.3415593713727,0,20,3
2024-01-11 21:00:00,Zone B,227,19.86344381998908,57.22737248301836,0.9934479610794908,175.56797344345034,1,21,3
2024-01-11 22:00:00,Zone C,77,29.44533863711318,44.16302780078784,0.2793424796697727,59.70573891798957,2,22,3
2024-01-11 23:00:00,Zone C,269,32.11392936212572,34.40980483980076,0.5211954526890306,153.97650892935056,2,23,3
2024-01-12 00:00:00,Zone B,406,31.604397291339836,40.18547430525244,0.8400567749593277,243.80968126837013,1,0,4
2024-01-12 01:00:00,Zone B,90,22.94367059236909,61.18643691336106,0.3632285077031191,107.05060785185808,1,1,4
2024-01-12 02:00:00,Zone C,277,28.36170273141292,50.22019058587718,0.644067959441829,175.27602616833107,2,2,4
2024-01-12 03:00:00,Zone C,241,19.09968590831642,79.73300195295657,0.7864570368237398,179.54062318573645,2,3,4
2024-01-12 04:00:00,Zone B,460,20.862954605220267,55.85325141970836,0.6927883602081433,208.78409080531677,1,4,4
2024-01-12 05:00:00,Zone A,496,32.9267163704224,44.92285635525779,0.3504197876923329,200.5704985911136,0,5,4
2024-01-12 06:00:00,Zone A,194,15.26003847021472,67.0286991962418,0.4843076549485915,118.26268320311102,0,6,4
2024-01-12 07:00:00,Zone B,250,16.71017061708936,72.40663301312675,0.8270334275883178,172.66026162578174,1,7,4
2024-01-12 08:00:00,Zone A,466,19.157725102920544,40.02251447405699,0.6433812113056133,218.12427588069303,0,8,4
2024-01-12 09:00:00,Zone B,261,15.530644077476394,40.05715297729906,0.2041836908343302,108.22115153291212,1,9,4
2024-01-12 10:00:00,Zone A,269,18.628708701795947,32.20028561601258,0.8087926080224752,155.67780330241055,0,10,4
2024-01-12 11:00:00,Zone A,289,26.66083121939384,74.18412090393844,0.2282490839521912,142.5051676249397,0,11,4
2024-01-12 12:00:00,Zone C,462,23.42849101184996,69.8282716573083,0.7965870261849857,230.86832309730212,2,12,4
2024-01-12 13:00:00,Zone C,446,32.8534342215395,58.47785254498884,0.3619844481321899,197.22785765194405,2,13,4
2024-01-12 14:00:00,Zone A,95,31.34887123476882,80.65022693815183,0.966458784095504,174.55629898858805,0,14,4
2024-01-12 15:00:00,Zone A,84,21.83634703395752,78.34020917700319,0.4943526010416676,89.84399483728616,0,15,4
2024-01-12 16:00:00,Zone C,302,20.18846866862585,65.12126186380513,0.4615452930704633,132.5512939197944,2,16,4
2024-01-12 17:00:00,Zone C,439,22.59384816334534,82.09627683079552,0.3191104402659557,186.20779643929168,2,17,4
2024-01-12 18:00:00,Zone C,131,26.805898850296156,42.350472602206096,0.4444833723921719,113.9503876497626,2,18,4
2024-01-12 19:00:00,Zone B,420,20.361272816457525,36.71517716386367,0.9013206094625604,251.2030800478177,1,19,4
2024-01-12 20:00:00,Zone A,305,27.48297815698268,46.18497669101937,0.997067470101798,199.14143766665256,0,20,4
2024-01-12 21:00:00,Zone C,246,23.18823304382481,33.42521136535889,0.4946476244054787,144.19209016351476,2,21,4
2024-01-12 22:00:00,Zone A,352,26.04094361703961,61.87017168006192,0.558888504763634,179.6261576913911,0,22,4
2024-01-12 23:00:00,Zone B,458,23.722530582706334,86.19634153769769,0.7776567505621896,240.8344720537997,1,23,4
2024-01-13 00:00:00,Zone B,499,20.889315190838357,32.36061244011058,0.9089566243720596,281.86694447173375,1,0,5
2024-01-13 01:00:00,Zone C,59,33.96906613924313,37.32659484060161,0.6744354673494273,91.16678887480876,2,1,5
2024-01-13 02:00:00,Zone B,361,30.272115883195216,57.13194169700611,0.5132205585422636,185.6946871618514,1,2,5
2024-01-13 03:00:00,Zone A,335,17.802263515329052,86.0325010516743,0.530097472678899,182.5140846020107,0,3,5
2024-01-13 04:00:00,Zone C,291,32.36935951795826,48.96936629860503,0.7564945171974455,196.54893203604232,2,4,5
2024-01-13 05:00:00,Zone A,300,24.748623964990276,60.43408852130355,0.2025746108834229,133.2235599133081,0,5,5
2024-01-13 06:00:00,Zone A,414,32.891044537881825,32.494371543023526,0.6956714699678725,216.5029445155857,0,6,5
2024-01-13 07:00:00,Zone B,54,30.997105118946305,38.90059205772533,0.4843944083530859,80.90191562021428,1,7,5
2024-01-13 08:00:00,Zone B,168,23.50427008938467,89.19780737753081,0.8353578650216675,163.86832542587788,1,8,5
2024-01-13 09:00:00,Zone B,338,15.449386166402348,87.90712178616273,0.2743925118585057,149.16850725466995,1,9,5
2024-01-13 10:00:00,Zone B,423,20.37354718769892,30.296398856064577,0.6705618135587124,214.38059890072424,1,10,5
2024-01-13 11:00:00,Zone B,114,25.83268429321734,87.10870712539435,0.584778311908899,116.73654297281936,1,11,5
2024-01-13 12:00:00,Zone C,195,27.669564396522944,68.34719626893002,0.7138604207241819,158.39431102383523,2,12,5
2024-01-13 13:00:00,Zone A,273,20.15775370866405,82.07509767120132,0.2518828755863747,131.27378043949358,0,13,5
2024-01-13 14:00:00,Zone A,288,17.78712148145648,57.28439133803155,0.663987029942505,182.6309323621611,0,14,5
2024-01-13 15:00:00,Zone A,226,31.69860473598598,60.93576171475502,0.6491876703676189,157.07142403822243,0,15,5
2024-01-13 16:00:00,Zone A,316,34.68804361407104,59.33079481541521,0.6485280755329368,167.6638592799363,0,16,5
2024-01-13 17:00:00,Zone B,390,25.51380364605372,70.01185545276627,0.6827901332771639,222.10612088383107,1,17,5
2024-01-13 18:00:00,Zone A,331,18.43358571696607,38.379075285378775,0.7411743497810899,179.409361313345,0,18,5
2024-01-13 19:00:00,Zone C,112,20.44614653038738,31.79841539236068,0.8439911997446159,125.9995982786005,2,19,5
2024-01-13 20:00:00,Zone C,266,15.367813530949334,48.47579649547146,0.4158565761025715,131.27132938129623,2,20,5
2024-01-13 21:00:00,Zone A,391,33.28597613120998,72.2808457641988,0.8600395281440496,244.81889335143688,0,21,5
2024-01-13 22:00:00,Zone A,364,17.355021657802823,42.1112071273769,0.598604545810763,163.06796252988585,0,22,5
2024-01-13 23:00:00,Zone C,332,26.53032951028507,70.40594599949503,0.2616466233074649,181.83546867135945,2,23,5
2024-01-14 00:00:00,Zone C,226,20.48110441374412,88.19472276643623,0.2468407433951833,128.87602874896373,2,0,6
2024-01-14 01:00:00,Zone B,466,26.083560050315867,35.6340429473651,0.4673906549568487,206.33168724657585,1,1,6
2024-01-14 02:00:00,Zone C,147,28.028407767037287,70.35612709350758,0.8279175816891742,151.62540668827097,2,2,6
2024-01-14 03:00:00,Zone B,154,31.594836074144037,56.62501315827427,0.7661447477927326,149.6329525891623,1,3,6
2024-01-14 04:00:00,Zone B,148,19.128425435212066,82.08853526265032,0.8308919717379253,156.76949868420078,1,4,6
2024-01-14 05:00:00,Zone B,434,15.219916573169607,40.62898736684316,0.6138152451532874,212.2474444774658,1,5,6
2024-01-14 06:00:00,Zone B,454,17.737712601376145,71.55755713356987,0.5521591983643925,218.37856096373807,1,6,6
2024-01-14 07:00:00,Zone B,360,33.0003728369621,80.28691737888661,0.3179620213650271,169.94954155961736,1,7,6
2024-01-14 08:00:00,Zone A,55,32.47780155125031,86.6768531684414,0.4625542028874492,91.10852733986007,0,8,6
2024-01-14 09:00:00,Zone C,246,26.948262043406167,70.99488169737876,0.5472154929391002,151.98709761421313,2,9,6
2024-01-14 10:00:00,Zone B,400,27.010337208673068,59.83048584050564,0.2708803437436938,167.90918362241294,1,10,6
2024-01-14 11:00:00,Zone C,182,28.30073349092511,67.07083441207283,0.376489562168969,128.32111746435214,2,11,6
2024-01-14 12:00:00,Zone C,407,18.507425572468996,82.1342990687231,0.6785802352509911,219.72342079063992,2,12,6
2024-01-14 13:00:00,Zone B,308,33.2882389184992,64.23658479832977,0.788530491391352,168.01177531955804,1,13,6
2024-01-14 14:00:00,Zone A,486,23.375410497841465,31.82322358181021,0.9986780091143596,267.9416175922322,0,14,6
2024-01-14 15:00:00,Zone B,72,22.66277056498995,85.85692173041866,0.946490665074846,144.43292102675207,1,15,6
2024-01-14 16:00:00,Zone A,102,25.37835410565675,71.37160506189366,0.7140521596281533,126.2437910529978,0,16,6
2024-01-14 17:00:00,Zone C,214,15.9393193355011,70.59080314663478,0.5369984426352576,134.5085480961643,2,17,6
2024-01-14 18:00:00,Zone A,251,18.32566737512159,42.94050914386303,0.7089418917665862,173.35368515534,0,18,6
2024-01-14 19:00:00,Zone A,132,29.76067232852741,69.53312821395943,0.8285212944641855,157.73828864184998,0,19,6
2024-01-14 20:00:00,Zone A,194,16.65597335850253,53.63186433924951,0.2946689527387098,97.3268808068858,0,20,6
2024-01-14 21:00:00,Zone C,134,27.063042189327764,69.07397862248953,0.5279239117570307,121.70292664717743,2,21,6
2024-01-14 22:00:00,Zone C,127,19.90698219362642,36.39558181847944,0.8718418285084939,130.80952474658298,2,22,6
2024-01-14 23:00:00,Zone A,415,22.785912280839533,69.47071827618217,0.5070663615464353,184.41896307432648,0,23,6
2024-01-15 00:00:00,Zone A,50,20.773874735414,89.96482354623998,0.6574978169817493,100.78512405568888,0,0,0
2024-01-15 01:00:00,Zone B,100,22.113454329298985,32.892722331633365,0.6702154886897587,121.06940979084972,1,1,0
2024-01-15 02:00:00,Zone A,222,29.38091810368491,88.63045105327905,0.3475810025069115,140.3678081565818,0,2,0
2024-01-15 03:00:00,Zone B,254,20.9424343124635,54.41447764337224,0.4897883533218307,149.56955878681586,1,3,0
2024-01-15 04:00:00,Zone A,309,26.328092805937946,82.24520702023554,0.4676090309935457,173.69213949425682,0,4,0
2024-01-15 05:00:00,Zone B,495,24.521008043981997,76.94312904349641,0.2209573668256518,200.95454858000687,1,5,0
2024-01-15 06:00:00,Zone C,498,28.27342330725296,64.02097565920008,0.2193534111130842,189.03408961382007,2,6,0
2024-01-15 07:00:00,Zone A,418,33.73659478649516,74.30695255507959,0.8653576349406189,244.61101736641527,0,7,0
2024-01-15 08:00:00,Zone A,337,29.651441944205004,82.71093367808086,0.4184566479782499,179.35252356339996,0,8,0
2024-01-15 09:00:00,Zone A,83,19.298807571815136,54.24841929906198,0.6144630129910524,112.45842148577944,0,9,0
2024-01-15 10:00:00,Zone A,397,15.623662701225694,49.62198969379432,0.4389804588710184,191.06104262109744,0,10,0
2024-01-15 11:00:00,Zone B,144,20.2452808859965,70.05560313381508,0.9525433960922725,167.64661106239947,1,11,0
2024-01-15 12:00:00,Zone A,121,26.901558614005097,78.47075651647552,0.407437407092619,107.01299753357486,0,12,0
2024-01-15 13:00:00,Zone C,88,16.028516269685007,75.73710808659695,0.5437254501911482,113.03287552747248,2,13,0
2024-01-15 14:00:00,Zone C,203,24.92732494402473,77.86881893151806,0.8981842003876814,175.99790121019103,2,14,0
2024-01-15 15:00:00,Zone A,299,26.936856978337783,56.13499888877598,0.873546853433447,190.23768140015784,0,15,0
2024-01-15 16:00:00,Zone C,211,21.684877816339217,79.0700529705013,0.3488811342770218,121.04540550890049,2,16,0
2024-01-15 17:00:00,Zone A,487,30.41824407491644,37.212543322236506,0.8421146478365684,242.47224463000623,0,17,0
2024-01-15 18:00:00,Zone A,167,17.131965062675437,62.669345877650976,0.5665495093903141,119.38982338988797,0,18,0
2024-01-15 19:00:00,Zone C,308,16.502755634716173,30.345519629887296,0.5863750976682842,162.26252923953714,2,19,0
2024-01-15 20:00:00,Zone A,428,29.563775124072063,49.47514979401622,0.306783977932755,172.87473859170797,0,20,0
2024-01-15 21:00:00,Zone C,355,24.90982632412397,51.98769209228387,0.2644812110056997,150.22997475228593,2,21,0
2024-01-15 22:00:00,Zone B,317,28.76804792855472,53.77036149655533,0.7823514455790122,176.6602893590963,1,22,0
2024-01-15 23:00:00,Zone A,498,23.696546772074925,71.72803240139173,0.5971689218842398,235.07405445126167,0,23,0
2024-01-16 00:00:00,Zone B,103,19.928040664782134,53.31348607622074,0.5494805620921437,104.49402444399362,1,0,1
2024-01-16 01:00:00,Zone C,285,31.382046353483997,56.92161735735184,0.7836065829219174,179.6269139943738,2,1,1
2024-01-16 02:00:00,Zone B,438,30.988317579379583,44.252647852459646,0.8124103191928878,240.47934520585665,1,2,1
2024-01-16 03:00:00,Zone B,271,28.893929417088536,52.39510749776041,0.3271265341354828,145.42494805620137,1,3,1
2024-01-16 04:00:00,Zone C,300,20.44290274459925,43.63617763578909,0.6881801195821131,159.6468099395191,2,4,1
2024-01-16 05:00:00,Zone B,362,26.804613337381745,34.39175542610662,0.3082832658221484,149.4012752167267,1,5,1
2024-01-16 06:00:00,Zone B,450,22.219477938800537,66.20691560288267,0.8011000688232366,229.54775768054745,1,6,1
2024-01-16 07:00:00,Zone C,161,16.831641466532684,70.09276791330097,0.7255641250137117,132.2085916595558,2,7,1
2024-01-16 08:00:00,Zone B,304,33.34627150924486,67.16942076057687,0.9652916968667664,222.79631086180743,1,8,1
2024-01-16 09:00:00,Zone C,352,17.736372618379228,57.80964262803434,0.255166413085137,147.83485749374424,2,9,1
2024-01-16 10:00:00,Zone B,456,34.00474707641605,52.78714681075379,0.2456437769210034,182.87855747171145,1,10,1
2024-01-16 11:00:00,Zone C,256,23.920115459159117,81.80001897430952,0.4257496597545601,125.26439230991404,2,11,1
2024-01-16 12:00:00,Zone C,278,18.702658576772397,61.144907108173086,0.4093645469887248,150.4006798533083,2,12,1
2024-01-16 13:00:00,Zone B,390,25.838018947567164,58.75091265778386,0.3975830392575998,166.45111008780887,1,13,1
2024-01-16 14:00:00,Zone B,447,32.45891671752817,31.538523948386143,0.9250036644168294,246.4909642210347,1,14,1
2024-01-16 15:00:00,Zone B,115,29.644497728191222,50.474869657569386,0.3996369598796049,99.19023839033278,1,15,1
2024-01-16 16:00:00,Zone A,124,31.131222957229,52.811737127151424,0.4175597809029048,115.57740065699886,0,16,1
2024-01-16 17:00:00,Zone A,484,28.175667334214346,53.92936685381403,0.807518609934371,234.91979730669453,0,17,1
2024-01-16 18:00:00,Zone A,152,28.84553129035705,64.81034215363994,0.559791873960432,95.88434678470574,0,18,1
2024-01-16 19:00:00,Zone C,471,31.983913031306383,62.01615280361271,0.821368445564145,250.4721357771965,2,19,1
2024-01-16 20:00:00,Zone B,241,19.99336017718372,66.47430556760668,0.2522929260515082,136.82660960465415,1,20,1
2024-01-16 21:00:00,Zone C,301,24.788499272862808,75.8929956925277,0.5900569549387075,186.78915787091577,2,21,1
2024-01-16 22:00:00,Zone A,275,19.424188836392045,78.7791443229656,0.2268908801466261,130.81118656655883,0,22,1
2024-01-16 23:00:00,Zone B,343,34.75336015993294,73.08738457358967,0.2501225627642836,151.514715398799,1,23,1
2024-01-17 00:00:00,Zone C,355,33.88118679373227,87.33142175729608,0.9251499626755288,238.1049813028781,2,0,2
2024-01-17 01:00:00,Zone B,147,15.788536227370118,31.093954960581694,0.3113962968940761,78.03837317542732,1,1,2
2024-01-17 02:00:00,Zone C,387,29.11150345031377,41.74667914101276,0.6259365458201738,203.4511694839076,2,2,2
2024-01-17 03:00:00,Zone B,335,33.50496634831332,30.45377249868853,0.5288764820805653,177.9350908387858,1,3,2
2024-01-17 04:00:00,Zone A,384,18.611506902546672,68.84848284927618,0.4778746610070741,194.80386450657008,0,4,2
2024-01-17 05:00:00,Zone A,396,26.358904611052587,83.88183293699922,0.919866676549818,265.70319647591344,0,5,2
2024-01-17 06:00:00,Zone B,484,33.30976595176084,44.60893779457796,0.2174587174203916,193.11572535344672,1,6,2
2024-01-17 07:00:00,Zone C,496,15.678919571715976,85.6220726877784,0.7310317489404714,240.20952100321415,2,7,2
2024-01-17 08:00:00,Zone A,357,28.9484053449368,33.61604341737365,0.9707155473708404,222.21838243661355,0,8,2
2024-01-17 09:00:00,Zone A,298,20.94698014745101,86.06616160833086,0.6481345467694736,162.11472000870273,0,9,2
2024-01-17 10:00:00,Zone A,215,33.48792390753061,51.09736123437806,0.9494579696264736,176.11330746164464,0,10,2
2024-01-17 11:00:00,Zone B,384,34.42116490330736,36.08524970695299,0.241806303428819,156.27332186446438,1,11,2
2024-01-17 12:00:00,Zone B,79,33.88532978226868,59.15230555117954,0.5350346552593291,97.34717456973036,1,12,2
2024-01-17 13:00:00,Zone C,296,24.48428433314928,45.40659406323048,0.4081262327696409,150.01120454320713,2,13,2
2024-01-17 14:00:00,Zone C,155,32.24085301978627,47.092374117715366,0.7846567719845838,139.05629390609397,2,14,2
2024-01-17 15:00:00,Zone C,100,31.890987970701406,48.43739789557719,0.9850376723977974,162.15794868042045,2,15,2
2024-01-17 16:00:00,Zone B,130,21.382009464865117,78.1815538699598,0.4052240499553983,103.7135902046598,1,16,2
2024-01-17 17:00:00,Zone B,182,31.57830948301355,62.34967660051527,0.7233396811792596,151.9422240198483,1,17,2
2024-01-17 18:00:00,Zone C,334,15.740152694309852,48.67846194936022,0.3584781062077921,148.80061692324605,2,18,2
2024-01-17 19:00:00,Zone C,437,26.92539756964106,66.6200269986551,0.6522642036572879,221.972491631906,2,19,2
2024-01-17 20:00:00,Zone B,187,19.600176745754062,72.96904045339161,0.571145989350669,143.89946037072318,1,20,2
2024-01-17 21:00:00,Zone C,233,17.411337715545578,46.35744004401202,0.9776042637052298,175.2251473084346,2,21,2
2024-01-17 22:00:00,Zone A,450,16.539064032584182,54.81294609152109,0.6868218181571732,214.67923175630267,0,22,2
2024-01-17 23:00:00,Zone B,379,28.925775517562798,37.313165600216855,0.479605097669455,177.65619280624733,1,23,2
2024-01-18 00:00:00,Zone C,322,21.797499275361325,40.86896097208082,0.2912766279103467,129.16174546086322,2,0,3
2024-01-18 01:00:00,Zone B,389,29.49533543057523,70.86707123789897,0.3209974629879477,166.57871612138968,1,1,3
2024-01-18 02:00:00,Zone A,118,16.307126815978847,40.88630086173762,0.3802535439609881,83.36325655939129,0,2,3
2024-01-18 03:00:00,Zone B,83,21.305806756612206,61.50980302002361,0.4007733290722384,94.54550802100071,1,3,3
2024-01-18 04:00:00,Zone B,311,25.789825847506744,72.54277570334597,0.8804928462729102,208.79938339698217,1,4,3
2024-01-18 05:00:00,Zone B,102,30.814463296779277,36.41261538568463,0.6489782306260199,117.04203057212608,1,5,3
2024-01-18 06:00:00,Zone B,499,21.3750500586414,64.03873317773422,0.6187127290994932,241.4380191906324,1,6,3
2024-01-18 07:00:00,Zone A,254,27.51782752874018,45.39376702208183,0.291815097495374,124.09367628145588,0,7,3
2024-01-18 08:00:00,Zone B,175,32.71955496472374,87.77561251425479,0.8881117546795481,175.85876845598415,1,8,3
2024-01-18 09:00:00,Zone B,284,27.31726376364609,59.01273880319548,0.778251442566787,184.72237999345128,1,9,3
2024-01-18 10:00:00,Zone C,92,19.659189495072678,78.35955298650948,0.2541346895200013,79.20267884132737,2,10,3
2024-01-18 11:00:00,Zone B,289,15.48801563113076,63.01359252937571,0.7662680777838149,176.29714596059313,1,11,3
2024-01-18 12:00:00,Zone C,420,32.401977478018594,32.60475197128915,0.6348305738741169,184.57662719011265,2,12,3
2024-01-18 13:00:00,Zone A,160,15.425388217007743,67.98908253564134,0.2653802765974226,92.96320783181058,0,13,3
2024-01-18 14:00:00,Zone A,298,32.49403345368399,87.08420053239942,0.5666405132229252,190.7059861712454,0,14,3
2024-01-18 15:00:00,Zone A,200,25.57874268054424,66.09670920877987,0.5877570297040375,151.48869590679334,0,15,3
2024-01-18 16:00:00,Zone A,232,33.781353970257925,79.15133156560742,0.3326196321306206,141.8587459601984,0,16,3
2024-01-18 17:00:00,Zone C,385,30.975664715473307,83.05238780090447,0.9565585176002258,252.51790242445497,2,17,3
2024-01-18 18:00:00,Zone B,144,34.95868221066675,43.68478631693595,0.8799802971845296,154.80503577572122,1,18,3
2024-01-18 19:00:00,Zone A,423,22.014236309034203,42.7226903944936,0.7352178698632867,219.745176662897,0,19,3
2024-01-18 20:00:00,Zone B,449,30.34376577862254,66.6588593310595,0.5698364488004858,210.976404103366,1,20,3
2024-01-18 21:00:00,Zone C,57,23.03861827218484,54.66170818840229,0.5294124332676069,87.0283037130446,2,21,3
2024-01-18 22:00:00,Zone C,437,24.597512406078177,80.39167817200322,0.7207787737207634,235.25292946661963,2,22,3
2024-01-18 23:00:00,Zone C,409,27.5501092643674,84.00138740388067,0.6363454955255243,226.1937151107637,2,23,3
2024-01-19 00:00:00,Zone A,437,32.47354228372677,51.20528275816309,0.2498184847055085,177.9178591788642,0,0,4
2024-01-19 01:00:00,Zone B,233,34.681669383985906,44.21223353846892,0.6100021190162654,149.11343371440057,1,1,4
2024-01-19 02:00:00,Zone B,330,30.365468277290365,76.83153091463171,0.8451228937862716,211.0300624610356,1,2,4
2024-01-19 03:00:00,Zone B,244,23.35533564334668,46.48836213288817,0.5673919020775664,154.5910643809641,1,3,4
2024-01-19 04:00:00,Zone C,401,23.427140045541403,79.3568591108207,0.2415652620434147,155.2602058833868,2,4,4
2024-01-19 05:00:00,Zone A,244,29.75164603177783,55.42429521892577,0.8290225595072265,156.12596387584657,0,5,4
2024-01-19 06:00:00,Zone C,204,19.77554291536605,70.05299395748823,0.3610910257087795,113.72455003360616,2,6,4
2024-01-19 07:00:00,Zone C,142,17.209482262627894,35.73211883008009,0.406896667910431,85.1127592029687,2,7,4
2024-01-19 08:00:00,Zone B,209,22.09244315281553,67.43155948059439,0.3317650827458367,113.11839545535564,1,8,4
2024-01-19 09:00:00,Zone C,483,20.74477983308164,57.10606072423374,0.464172051897198,209.5585260796245,2,9,4
2024-01-19 10:00:00,Zone B,110,20.9261624091198,65.19650779052844,0.805401204550908,130.4174028866143,1,10,4
2024-01-19 11:00:00,Zone A,171,19.6721550209982,40.0808524646918,0.6155086876031499,143.26057660636008,0,11,4
2024-01-19 12:00:00,Zone B,100,15.84186379272724,74.21242469665093,0.36390501932057,90.83718003450127,1,12,4
2024-01-19 13:00:00,Zone A,452,15.357478694668275,81.7678246525937,0.9022640625216328,251.3277062566576,0,13,4
2024-01-19 14:00:00,Zone B,326,34.75444779472063,43.00438800544654,0.9036654839612236,216.89127655553392,1,14,4
2024-01-19 15:00:00,Zone C,54,23.555462674717248,35.7428733312097,0.8964627400368055,111.0287025620017,2,15,4
2024-01-19 16:00:00,Zone C,141,22.686532943193637,31.418315162780186,0.3910369691052314,107.15309099455932,2,16,4
2024-01-19 17:00:00,Zone A,219,28.5929456538614,68.51829002659596,0.5609914753447904,146.1823409359882,0,17,4
2024-01-19 18:00:00,Zone A,366,19.36507775730128,66.42564216532685,0.9879917249127002,236.335138199668,0,18,4
2024-01-19 19:00:00,Zone A,71,33.99922367900451,62.8018447628442,0.8176099810479924,118.50248419856833,0,19,4
2024-01-19 20:00:00,Zone B,454,30.726900288311043,43.916825766958524,0.2217339369804478,163.90993130660024,1,20,4
2024-01-19 21:00:00,Zone B,375,16.78822004624519,53.45435975433088,0.2521636730083936,163.3014238504539,1,21,4
2024-01-19 22:00:00,Zone A,50,23.35161551569857,65.66858011117039,0.5711451014498663,98.3529676344753,0,22,4
2024-01-19 23:00:00,Zone C,182,32.58236615124329,59.80601153155016,0.9273761646892482,163.31124969215708,2,23,4
2024-01-20 00:00:00,Zone B,282,33.8946404458282,89.26713121289325,0.6309614383621713,170.4107954443801,1,0,5
2024-01-20 01:00:00,Zone B,61,24.348030224997395,38.18638515340399,0.5982500064274322,106.75583760757068,1,1,5
2024-01-20 02:00:00,Zone B,395,27.268227784214154,71.70867324285562,0.2843789599653045,160.29280283011394,1,2,5
2024-01-20 03:00:00,Zone A,95,18.340678921841505,54.25912608625752,0.7254240837794352,135.6572346964913,0,3,5
2024-01-20 04:00:00,Zone A,83,34.82337252273953,55.69197689553688,0.8576825284801803,126.72978988974256,0,4,5
2024-01-20 05:00:00,Zone A,482,19.63343402766887,73.05586593949057,0.5043360060060499,223.88206665565448,0,5,5
2024-01-20 06:00:00,Zone A,127,33.85463548270251,71.54616907946217,0.8204894807402621,144.7138513255098,0,6,5
2024-01-20 07:00:00,Zone A,267,27.992932979847367,89.4753596221313,0.9715813231206494,212.3822517392536,0,7,5
2024-01-20 08:00:00,Zone C,350,27.154735897577183,37.70365736724752,0.3630131673021513,154.26280254155355,2,8,5
2024-01-20 09:00:00,Zone C,460,25.25377022033017,36.246578963049984,0.618663704955793,215.5892653155984,2,9,5
2024-01-20 10:00:00,Zone A,122,19.61339623435517,73.46032902772447,0.4297103664676605,102.51765270001025,0,10,5
2024-01-20 11:00:00,Zone B,331,18.530560640110167,64.70321502038455,0.8342835352270714,193.0593462250134,1,11,5
2024-01-20 12:00:00,Zone A,298,19.409724181403508,46.44963999358835,0.662074692704926,180.06953039597292,0,12,5
2024-01-20 13:00:00,Zone C,96,18.72876524288509,34.7651621393392,0.7076659340402431,108.87899626433035,2,13,5
2024-01-20 14:00:00,Zone C,170,30.591689471335066,35.13949497578583,0.8383313276927153,151.81170839956255,2,14,5
2024-01-20 15:00:00,Zone B,263,22.0025051833346,83.6514524798471,0.5167763781299639,146.16543663621454,1,15,5
2024-01-20 16:00:00,Zone C,288,16.156853531267927,41.512039483124575,0.9320720547256348,168.74901819374244,2,16,5
2024-01-20 17:00:00,Zone A,105,34.38205260281623,49.40229372693125,0.626423093796912,115.86531154020226,0,17,5
2024-01-20 18:00:00,Zone B,399,32.67571769926852,43.59938413361928,0.3263638582682784,198.25270394938823,1,18,5
2024-01-20 19:00:00,Zone A,156,33.55504566390426,51.29977834991624,0.756719294535042,153.9999462680294,0,19,5
2024-01-20 20:00:00,Zone A,368,34.8981564529287,34.1654305647656,0.8346090803506037,214.46065293184105,0,20,5
2024-01-20 21:00:00,Zone B,97,18.477904984389745,61.14358745449622,0.4534093416540213,91.4319053579746,1,21,5
2024-01-20 22:00:00,Zone A,110,22.924840378053176,34.05675381553289,0.8857434055990023,137.78028640234857,0,22,5
2024-01-20 23:00:00,Zone C,386,30.164769514081826,78.0213904693417,0.9249146038126131,241.4328374325145,2,23,5
2024-01-21 00:00:00,Zone A,75,28.920412361075844,44.02272491462598,0.4215235899022471,73.2169407644918,0,0,6
2024-01-21 01:00:00,Zone B,341,18.0779181267971,62.40071487627064,0.9868171781721776,231.83624498987945,1,1,6
2024-01-21 02:00:00,Zone B,306,31.31666249981236,82.80474525368749,0.3125692224390067,159.29834944897556,1,2,6
2024-01-21 03:00:00,Zone B,57,19.48881143673321,69.05264214283164,0.361612534721992,82.04916373253815,1,3,6
2024-01-21 04:00:00,Zone A,162,19.47635229645246,61.97746719308012,0.3473798713904209,107.90877888433636,0,4,6
2024-01-21 05:00:00,Zone B,404,25.73948845786827,49.460025186922536,0.9151917680062964,233.10314379810137,1,5,6
2024-01-21 06:00:00,Zone B,302,26.858798696834064,49.98011478349187,0.7234340418599696,190.4115589810972,1,6,6
2024-01-21 07:00:00,Zone A,229,26.601724156756223,70.1692173118914,0.3216834265778183,131.46101712027638,0,7,6
2024-01-21 08:00:00,Zone C,256,16.829736747955096,89.64836167327005,0.5522587346946792,153.14703339389374,2,8,6
2024-01-21 09:00:00,Zone A,352,32.549217252607605,69.71035139096271,0.6922384200558416,196.0495814558507,0,9,6
2024-01-21 10:00:00,Zone B,176,20.312000851774123,63.46700504220149,0.2667712679915066,101.31389110092049,1,10,6
2024-01-21 11:00:00,Zone B,105,17.590298425656083,73.83903061435477,0.905933094725871,159.38743648067236,1,11,6
2024-01-21 12:00:00,Zone A,263,32.774961597379544,57.91233673702309,0.8428828283532281,175.48966406514023,0,12,6
2024-01-21 13:00:00,Zone C,63,34.11302996459507,33.60854055604711,0.6041654188613106,85.00820932565412,2,13,6
2024-01-21 14:00:00,Zone B,77,32.24255234530901,63.73780895267459,0.9737012922073364,147.76232036175733,1,14,6
2024-01-21 15:00:00,Zone B,127,31.19032149449756,87.45751707032281,0.5342087834200797,121.99738737243176,1,15,6
2024-01-21 16:00:00,Zone B,265,28.104839612780435,40.51817654145958,0.9872882552291984,199.30781332002803,1,16,6
2024-01-21 17:00:00,Zone A,435,26.017147412182787,71.40029344923994,0.7343359990429017,231.06004953809625,0,17,6
2024-01-21 18:00:00,Zone B,414,16.739735198228203,42.05602131954339,0.7077370186031533,207.84877765716723,1,18,6
2024-01-21 19:00:00,Zone C,203,23.16906426141397,62.14966106838487,0.332763916236628,130.77258392792618,2,19,6
